,,,Days above 90th temperature percentile,,,Days above 95th temperature percentile (pregnancy heat-risk days),,,Days above 99th temperature percentile,,,,,,,,,,,,,,,,,,,
City,State/Province/Region,Country,Average annual observed days (2020-2024),Average annual days added by climate change (2020-2024),Percentage of average annual observed days (2020-2024) that were added by climate change,Average annual observed days (2020-2024),Average annual days added by climate change (2020-2024),Percentage of average annual observed days (2020-2024) that were added by climate change,Average annual observed days (2020-2024),Average annual days added by climate change (2020-2024),Percentage of average annual observed days (2020-2024) that were added by climate change,,,,,,,,,,,,,,,,,
Aba,Abia,Nigeria,90,60,67%,54,43,80%,12,11,92%,,,,,,,,,,,,,,,,,
Abakan,Khakasiya,Russia,40,14,35%,18,8,44%,4,2,50%,,,,,,,,,,,,,,,,,
Abidjan,Abidjan,Côte d'Ivoire,87,75,86%,59,51,86%,23,21,91%,,,,,,,,,,,,,,,,,
Abilene,Texas,United States,59,20,34%,40,16,40%,16,10,63%,,,,,,,,,,,,,,,,,
Abu Dhabi,Abu Zaby,United Arab Emirates,50,31,62%,23,20,87%,4,3,75%,,,,,,,,,,,,,,,,,
Abuja,Federal Capital Territory,Nigeria,45,25,56%,23,19,83%,4,4,100%,,,,,,,,,,,,,,,,,
Accra,Greater Accra,Ghana,69,59,86%,41,37,90%,13,12,92%,,,,,,,,,,,,,,,,,
Adamstown,,Pitcairn Islands,34,28,82%,19,17,89%,6,6,100%,,,,,,,,,,,,,,,,,
Adana,Adana,Türkiye,56,32,57%,34,23,68%,8,5,63%,,,,,,,,,,,,,,,,,
Addis Ababa,Adis Abeba,Ethiopia,39,35,90%,22,20,91%,5,5,100%,,,,,,,,,,,,,,,,,
Adelaide,South Australia,Australia,30,12,40%,12,5,42%,2,1,50%,,,,,,,,,,,,,,,,,
Agartala,Tripura,India,72,22,31%,46,11,24%,14,0,0%,,,,,,,,,,,,,,,,,
Agra,Uttar Pradesh,India,30,-3,-10%,15,-3,-20%,3,-1,-33%,,,,,,,,,,,,,,,,,
Ahmedabad,Gujarat,India,33,4,12%,15,3,20%,3,2,67%,,,,,,,,,,,,,,,,,
Ahvaz,Khuzestan,Iran,55,47,85%,31,29,94%,8,8,100%,,,,,,,,,,,,,,,,,
Aizawl,Mizoram,India,72,26,36%,42,14,33%,16,7,44%,,,,,,,,,,,,,,,,,
Al Basrah,Al Basrah,Iraq,52,44,85%,26,25,96%,7,7,100%,,,,,,,,,,,,,,,,,
Albany,Georgia,United States,34,15,44%,17,10,59%,3,2,67%,,,,,,,,,,,,,,,,,
Albany,New York,United States,48,16,33%,26,9,35%,5,3,60%,,,,,,,,,,,,,,,,,
Albuquerque,New Mexico,United States,51,23,45%,34,21,62%,10,8,80%,,,,,,,,,,,,,,,,,
Aleppo,Halab,Syria,49,30,61%,28,20,71%,6,5,83%,,,,,,,,,,,,,,,,,
Alexandria,Al Iskandariyah,Egypt,69,53,77%,41,33,80%,7,5,71%,,,,,,,,,,,,,,,,,
Alexandria,Louisiana,United States,48,19,40%,26,12,46%,8,5,63%,,,,,,,,,,,,,,,,,
Algiers,Alger,Algeria,58,30,52%,37,22,59%,8,5,63%,,,,,,,,,,,,,,,,,
Aligarh,Uttar Pradesh,India,30,-4,-13%,14,-3,-21%,3,-2,-67%,,,,,,,,,,,,,,,,,
Allentown,Pennsylvania,United States,39,14,36%,21,11,52%,3,3,100%,,,,,,,,,,,,,,,,,
Almaty,Almaty,Kazakhstan,43,16,37%,26,13,50%,9,5,56%,,,,,,,,,,,,,,,,,
Alofi,,Niue,53,50,94%,23,23,100%,4,4,100%,,,,,,,,,,,,,,,,,
Alpena,Michigan,United States,35,11,31%,17,7,41%,1,1,100%,,,,,,,,,,,,,,,,,
Altoona,Pennsylvania,United States,55,17,31%,31,11,35%,7,6,86%,,,,,,,,,,,,,,,,,
Amaravati,Andhra Pradesh,India,35,5,14%,19,3,16%,1,0,0%,,,,,,,,,,,,,,,,,
Amarillo,Texas,United States,50,19,38%,33,17,52%,9,7,78%,,,,,,,,,,,,,,,,,
Amman,Al 'Asimah,Jordan,54,34,63%,33,24,73%,9,7,78%,,,,,,,,,,,,,,,,,
Amritsar,Punjab,India,35,-7,-20%,19,-5,-26%,5,-4,-80%,,,,,,,,,,,,,,,,,
Amsterdam,Noord-Holland,Netherlands,44,19,43%,22,9,41%,5,3,60%,,,,,,,,,,,,,,,,,
Anadyr,Chukotskiy Avtonomnyy Okrug,Russia,58,24,41%,34,16,47%,10,7,70%,,,,,,,,,,,,,,,,,
Anchorage,Alaska,United States,48,28,58%,21,11,52%,4,4,100%,,,,,,,,,,,,,,,,,
Andorra la Vella,Andorra la Vella,Andorra,46,26,57%,29,20,69%,12,10,83%,,,,,,,,,,,,,,,,,
Ankara,Ankara,Türkiye,44,29,66%,23,18,78%,4,3,75%,,,,,,,,,,,,,,,,,
Anniston,Alabama,United States,36,15,42%,18,10,56%,1,1,100%,,,,,,,,,,,,,,,,,
Antananarivo,Antananarivo,Madagascar,60,40,67%,40,31,78%,13,12,92%,,,,,,,,,,,,,,,,,
Apia,Tuamasaga,Samoa,58,53,91%,36,34,94%,12,12,100%,,,,,,,,,,,,,,,,,
Aracaju,Sergipe,Brazil,70,53,76%,43,34,79%,17,15,88%,,,,,,,,,,,,,,,,,
Arequipa,Arequipa,Peru,64,58,91%,41,38,93%,12,12,100%,,,,,,,,,,,,,,,,,
Arkhangelsk,Arkhangel'skaya Oblast',Russia,54,14,26%,26,12,46%,4,2,50%,,,,,,,,,,,,,,,,,
Asheville,North Carolina,United States,39,17,44%,21,14,67%,4,4,100%,,,,,,,,,,,,,,,,,
Ashgabat,Asgabat,Turkmenistan,47,32,68%,26,21,81%,7,6,86%,,,,,,,,,,,,,,,,,
Asmara,Ma'ikel,Eritrea,70,51,73%,44,37,84%,14,13,93%,,,,,,,,,,,,,,,,,
Astana,Nur-Sultan,Kazakhstan,48,14,29%,25,11,44%,5,2,40%,,,,,,,,,,,,,,,,,
Astrakhan,Astrakhanskaya Oblast',Russia,54,22,41%,32,20,63%,8,7,88%,,,,,,,,,,,,,,,,,
Asuncion,Asuncion,Paraguay,62,35,56%,42,28,67%,16,13,81%,,,,,,,,,,,,,,,,,
Athens,Attiki,Greece,41,16,39%,24,13,54%,5,2,40%,,,,,,,,,,,,,,,,,
Atlanta,Georgia,United States,29,17,59%,10,7,70%,1,1,100%,,,,,,,,,,,,,,,,,
Atlantic City,New Jersey,United States,42,15,36%,20,11,55%,3,2,67%,,,,,,,,,,,,,,,,,
Auckland,Auckland,New Zealand,59,30,51%,34,20,59%,9,9,100%,,,,,,,,,,,,,,,,,
Augusta,Georgia,United States,40,18,45%,20,12,60%,4,3,75%,,,,,,,,,,,,,,,,,
Aurangabad,Maharashtra,India,35,10,29%,15,8,53%,3,2,67%,,,,,,,,,,,,,,,,,
Austin,Texas,United States,56,20,36%,35,19,54%,14,9,64%,,,,,,,,,,,,,,,,,
Avarua,,Cook Islands,54,49,91%,27,24,89%,4,4,100%,,,,,,,,,,,,,,,,,
Awka,Anambra,Nigeria,75,48,64%,44,35,80%,10,9,90%,,,,,,,,,,,,,,,,,
Bagam,Kepulauan Riau,Indonesia,84,79,94%,47,46,98%,11,11,100%,,,,,,,,,,,,,,,,,
Baghdad,Baghdad,Iraq,47,37,79%,21,19,90%,5,5,100%,,,,,,,,,,,,,,,,,
Baidoa,Bay,Somalia,35,32,91%,20,19,95%,4,4,100%,,,,,,,,,,,,,,,,,
Bakersfield,California,United States,70,21,30%,49,23,47%,17,10,59%,,,,,,,,,,,,,,,,,
Baku,Baki,Azerbaijan,46,28,61%,22,18,82%,4,4,100%,,,,,,,,,,,,,,,,,
Balandougou,Kayes,Mali,54,43,80%,31,27,87%,9,9,100%,,,,,,,,,,,,,,,,,
Balikesir,Balikesir,Türkiye,44,26,59%,22,12,55%,5,3,60%,,,,,,,,,,,,,,,,,
Baltimore,Maryland,United States,38,15,39%,17,9,53%,3,1,33%,,,,,,,,,,,,,,,,,
Bamako,Bamako,Mali,59,42,71%,35,29,83%,12,11,92%,,,,,,,,,,,,,,,,,
Bamenda,North-West,Cameroon,48,35,73%,26,23,88%,7,6,86%,,,,,,,,,,,,,,,,,
Bandar Lampung,Lampung,Indonesia,68,63,93%,37,36,97%,9,9,100%,,,,,,,,,,,,,,,,,
Bandar Seri Begawan,Brunei dan Muara,Brunei,52,49,94%,24,22,92%,4,3,75%,,,,,,,,,,,,,,,,,
Bangkok,Krung Thep Maha Nakhon,Thailand,29,24,83%,12,11,92%,2,2,100%,,,,,,,,,,,,,,,,,
Bangor,Maine,United States,41,15,37%,23,13,57%,4,2,50%,,,,,,,,,,,,,,,,,
Bangui,Bangui,Central African Republic,83,47,57%,49,34,69%,11,9,82%,,,,,,,,,,,,,,,,,
Banjul,Banjul,"Gambia, The",77,48,62%,44,27,61%,12,6,50%,,,,,,,,,,,,,,,,,
Barcelona,Catalonia,Spain,61,38,62%,41,28,68%,15,12,80%,,,,,,,,,,,,,,,,,
Barnaul,Altayskiy Kray,Russia,42,14,33%,21,9,43%,4,2,50%,,,,,,,,,,,,,,,,,
Barquisimeto,Lara,Venezuela,74,63,85%,37,32,86%,9,9,100%,,,,,,,,,,,,,,,,,
Barranquilla,Atlantico,Colombia,84,74,88%,57,54,95%,24,24,100%,,,,,,,,,,,,,,,,,
Basse-Terre,,Guadeloupe,91,80,88%,66,63,95%,29,29,100%,,,,,,,,,,,,,,,,,
Basseterre,Saint George Basseterre,Saint Kitts and Nevis,95,83,87%,74,71,96%,44,43,98%,,,,,,,,,,,,,,,,,
Batam Centre,Kepulauan Riau,Indonesia,84,79,94%,47,46,98%,11,11,100%,,,,,,,,,,,,,,,,,
Baton Rouge,Louisiana,United States,53,21,40%,33,13,39%,10,3,30%,,,,,,,,,,,,,,,,,
Beaumont,Texas,United States,58,23,40%,35,17,49%,10,6,60%,,,,,,,,,,,,,,,,,
Beijing,Beijing,China,38,19,50%,19,9,47%,6,3,50%,,,,,,,,,,,,,,,,,
Beirut,Beyrouth,Lebanon,62,44,71%,37,31,84%,6,5,83%,,,,,,,,,,,,,,,,,
Bekasi,Jawa Barat,Indonesia,48,41,85%,27,23,85%,6,5,83%,,,,,,,,,,,,,,,,,
Bekasi Kota,Jawa Barat,Indonesia,48,41,85%,27,23,85%,6,5,83%,,,,,,,,,,,,,,,,,
Belem,Para,Brazil,66,58,88%,42,39,93%,12,12,100%,,,,,,,,,,,,,,,,,
Belgorod,Belgorodskaya Oblast',Russia,47,21,45%,28,18,64%,6,5,83%,,,,,,,,,,,,,,,,,
Belgrade,Beograd,Serbia,50,24,48%,28,18,64%,8,8,100%,,,,,,,,,,,,,,,,,
Belize City,Belize,Belize,79,73,92%,47,46,98%,14,14,100%,,,,,,,,,,,,,,,,,
Belmopan,Cayo,Belize,64,52,81%,34,29,85%,6,5,83%,,,,,,,,,,,,,,,,,
Belo Horizonte,Minas Gerais,Brazil,45,35,78%,22,16,73%,8,6,75%,,,,,,,,,,,,,,,,,
Bend,Oregon,United States,55,22,40%,34,17,50%,10,7,70%,,,,,,,,,,,,,,,,,
Bengaluru,Karnataka,India,29,7,24%,14,3,21%,6,0,0%,,,,,,,,,,,,,,,,,
Benin City,Edo,Nigeria,87,51,59%,54,38,70%,14,12,86%,,,,,,,,,,,,,,,,,
Berlin,Berlin,Germany,48,24,50%,23,14,61%,5,2,40%,,,,,,,,,,,,,,,,,
Bern,Bern,Switzerland,50,24,48%,29,18,62%,6,3,50%,,,,,,,,,,,,,,,,,
Bhopal,Madhya Pradesh,India,29,9,31%,11,6,55%,2,2,100%,,,,,,,,,,,,,,,,,
Bhubaneswar,Odisha,India,21,-1,-5%,10,-1,-10%,2,0,0%,,,,,,,,,,,,,,,,,
Bien Hoa,Dong Nai,Vietnam,26,21,81%,10,9,90%,1,1,100%,,,,,,,,,,,,,,,,,
Bilaspur,Chhattisgarh,India,26,6,23%,10,3,30%,0,0,0%,,,,,,,,,,,,,,,,,
Billings,Montana,United States,43,12,28%,28,16,57%,7,5,71%,,,,,,,,,,,,,,,,,
Biloxi,Mississippi,United States,51,15,29%,32,12,38%,10,4,40%,,,,,,,,,,,,,,,,,
Binghamton,New York,United States,43,13,30%,22,10,45%,3,2,67%,,,,,,,,,,,,,,,,,
Birmingham,Alabama,United States,35,14,40%,17,7,41%,2,1,50%,,,,,,,,,,,,,,,,,
Birmingham,Birmingham,United Kingdom,41,17,41%,21,8,38%,7,4,57%,,,,,,,,,,,,,,,,,
Birobidzhan,Yevreyskaya Avtonomnaya Oblast',Russia,44,16,36%,24,12,50%,4,3,75%,,,,,,,,,,,,,,,,,
Bishkek,Bishkek,Kyrgyzstan,41,22,54%,22,13,59%,5,4,80%,,,,,,,,,,,,,,,,,
Bismarck,North Dakota,United States,52,12,23%,29,10,34%,6,4,67%,,,,,,,,,,,,,,,,,
Bissau,Bissau,Guinea-Bissau,83,38,46%,48,24,50%,12,8,67%,,,,,,,,,,,,,,,,,
Blagoveshchensk,Amurskaya Oblast',Russia,41,17,41%,20,12,60%,3,2,67%,,,,,,,,,,,,,,,,,
Blantyre,Blantyre,Malawi,55,22,40%,29,15,52%,6,5,83%,,,,,,,,,,,,,,,,,
Bloemfontein,Free State,South Africa,32,16,50%,19,14,74%,4,3,75%,,,,,,,,,,,,,,,,,
Bluefield,West Virginia,United States,50,16,32%,28,13,46%,8,4,50%,,,,,,,,,,,,,,,,,
Boa Vista,Roraima,Brazil,64,46,72%,46,37,80%,16,15,94%,,,,,,,,,,,,,,,,,
Boankra,Ashanti,Ghana,68,46,68%,40,31,78%,9,8,89%,,,,,,,,,,,,,,,,,
Bogor,Jawa Barat,Indonesia,44,37,84%,25,22,88%,4,3,75%,,,,,,,,,,,,,,,,,
Bogota,Bogota,Colombia,22,21,95%,7,7,100%,0,0,0%,,,,,,,,,,,,,,,,,
Boise,Idaho,United States,47,16,34%,26,11,42%,8,6,75%,,,,,,,,,,,,,,,,,
Boston,Massachusetts,United States,40,12,30%,22,9,41%,5,3,60%,,,,,,,,,,,,,,,,,
Bowling Green,Kentucky,United States,31,12,39%,16,8,50%,3,1,33%,,,,,,,,,,,,,,,,,
Bozeman,Montana,United States,47,16,34%,28,14,50%,8,7,88%,,,,,,,,,,,,,,,,,
Brades,Saint Peter,Montserrat,93,83,89%,71,68,96%,35,35,100%,,,,,,,,,,,,,,,,,
Brasilia,Distrito Federal,Brazil,38,27,71%,19,15,79%,6,6,100%,,,,,,,,,,,,,,,,,
Bratislava,Bratislava,Slovakia,49,22,45%,27,15,56%,4,4,100%,,,,,,,,,,,,,,,,,
Brazzaville,Brazzaville,Congo (Brazzaville),70,54,77%,36,31,86%,9,9,100%,,,,,,,,,,,,,,,,,
Bridgetown,Saint Michael,Barbados,96,88,92%,70,67,96%,31,30,97%,,,,,,,,,,,,,,,,,
Brisbane,Queensland,Australia,41,18,44%,18,7,39%,3,2,67%,,,,,,,,,,,,,,,,,
Bristol,Tennessee,United States,41,18,44%,20,12,60%,2,2,100%,,,,,,,,,,,,,,,,,
Brussels,Brussels-Capital Region,Belgium,45,21,47%,21,10,48%,6,4,67%,,,,,,,,,,,,,,,,,
Bryan,Texas,United States,52,15,29%,36,15,42%,13,8,62%,,,,,,,,,,,,,,,,,
Bryansk,Bryanskaya Oblast',Russia,46,21,46%,26,15,58%,6,5,83%,,,,,,,,,,,,,,,,,
Bucharest,Bucuresti,Romania,60,27,45%,40,25,63%,15,13,87%,,,,,,,,,,,,,,,,,
Budapest,Budapest,Hungary,51,20,39%,31,17,55%,7,6,86%,,,,,,,,,,,,,,,,,
Buenos Aires,"Buenos Aires, Ciudad Autonoma de",Argentina,54,18,33%,31,12,39%,9,4,44%,,,,,,,,,,,,,,,,,
Buffalo,New York,United States,41,13,32%,20,8,40%,3,1,33%,,,,,,,,,,,,,,,,,
Bujumbura,Bujumbura Mairie,Burundi,68,61,90%,36,33,92%,9,8,89%,,,,,,,,,,,,,,,,,
Bukavu,Sud-Kivu,Congo (Kinshasa),76,64,84%,42,37,88%,10,9,90%,,,,,,,,,,,,,,,,,
Burlington,Vermont,United States,48,16,33%,25,7,28%,4,2,50%,,,,,,,,,,,,,,,,,
Bursa,Bursa,Türkiye,48,32,67%,24,17,71%,7,6,86%,,,,,,,,,,,,,,,,,
Busan,Busan,"Korea, South",50,17,34%,24,13,54%,3,3,100%,,,,,,,,,,,,,,,,,
Butte,Montana,United States,44,13,30%,31,14,45%,8,7,88%,,,,,,,,,,,,,,,,,
Cacuaco,Luanda,Angola,53,42,79%,25,22,88%,4,4,100%,,,,,,,,,,,,,,,,,
Cairo,Al Qahirah,Egypt,52,31,60%,27,16,59%,6,3,50%,,,,,,,,,,,,,,,,,
Calgary,Alberta,Canada,58,21,36%,33,14,42%,11,7,64%,,,,,,,,,,,,,,,,,
Cali,Valle del Cauca,Colombia,71,61,86%,44,39,89%,16,16,100%,,,,,,,,,,,,,,,,,
Calliaqua,Saint George,Saint Vincent and the Grenadines,98,90,92%,72,68,94%,30,30,100%,,,,,,,,,,,,,,,,,
Caloocan City,Caloocan,Philippines,56,31,55%,29,17,59%,8,6,75%,,,,,,,,,,,,,,,,,
Campinas,São Paulo,Brazil,60,44,73%,38,31,82%,8,7,88%,,,,,,,,,,,,,,,,,
Campo Grande,Mato Grosso do Sul,Brazil,59,38,64%,36,26,72%,15,13,87%,,,,,,,,,,,,,,,,,
Can Tho,Can Tho,Vietnam,35,23,66%,17,14,82%,2,2,100%,,,,,,,,,,,,,,,,,
Canagatan,Cagayan,Philippines,55,16,29%,30,8,27%,10,3,30%,,,,,,,,,,,,,,,,,
Canberra,Australian Capital Territory,Australia,26,14,54%,10,6,60%,1,1,100%,,,,,,,,,,,,,,,,,
Canton,Ohio,United States,37,14,38%,19,11,58%,3,2,67%,,,,,,,,,,,,,,,,,
Cape Town,Western Cape,South Africa,33,11,33%,15,7,47%,1,1,100%,,,,,,,,,,,,,,,,,
Capitol Hill,,Northern Mariana Islands,87,87,100%,51,51,100%,10,10,100%,,,,,,,,,,,,,,,,,
Caracas,Distrito Capital,Venezuela,61,51,84%,36,32,89%,9,8,89%,,,,,,,,,,,,,,,,,
Casablanca,Casablanca-Settat,Morocco,40,15,38%,20,8,40%,5,2,40%,,,,,,,,,,,,,,,,,
Casper,Wyoming,United States,46,20,43%,26,16,62%,5,5,100%,,,,,,,,,,,,,,,,,
Castries,Castries,Saint Lucia,69,60,87%,43,40,93%,16,16,100%,,,,,,,,,,,,,,,,,
Cayenne,,French Guiana,64,54,84%,49,47,96%,25,25,100%,,,,,,,,,,,,,,,,,
Cazenga,Luanda,Angola,53,42,79%,25,22,88%,4,4,100%,,,,,,,,,,,,,,,,,
Cedar Rapids,Iowa,United States,50,13,26%,28,10,36%,7,4,57%,,,,,,,,,,,,,,,,,
Chaguanas,Chaguanas,Trinidad and Tobago,55,51,93%,35,34,97%,10,10,100%,,,,,,,,,,,,,,,,,
Champaign,Illinois,United States,40,14,35%,19,10,53%,3,1,33%,,,,,,,,,,,,,,,,,
Chandigarh,Chandigarh,India,33,-1,-3%,16,0,0%,5,-1,-20%,,,,,,,,,,,,,,,,,
Changchun,Jilin,China,38,19,50%,20,14,70%,3,3,100%,,,,,,,,,,,,,,,,,
Changsha,Hunan,China,57,11,19%,32,7,22%,7,3,43%,,,,,,,,,,,,,,,,,
Changwon,Gyeongnam,"Korea, South",48,16,33%,24,12,50%,3,3,100%,,,,,,,,,,,,,,,,,
Charleston,West Virginia,United States,43,15,35%,22,11,50%,5,3,60%,,,,,,,,,,,,,,,,,
Charleston,South Carolina,United States,36,19,53%,12,8,67%,0,0,0%,,,,,,,,,,,,,,,,,
Charlotte,North Carolina,United States,34,20,59%,13,11,85%,1,1,100%,,,,,,,,,,,,,,,,,
Charlotte Amalie,Virgin Islands,U.S. Virgin Islands,94,82,87%,73,69,95%,40,39,98%,,,,,,,,,,,,,,,,,
Charlottesville,Virginia,United States,49,17,35%,27,12,44%,6,4,67%,,,,,,,,,,,,,,,,,
Charlottetown,Prince Edward Island,Canada,49,24,49%,28,17,61%,9,8,89%,,,,,,,,,,,,,,,,,
Chattanooga,Tennessee,United States,39,17,44%,19,9,47%,5,3,60%,,,,,,,,,,,,,,,,,
Chattogram,Chattogram,Bangladesh,83,49,59%,49,30,61%,17,9,53%,,,,,,,,,,,,,,,,,
Cheboksary,Chuvashiya,Russia,47,14,30%,25,12,48%,6,4,67%,,,,,,,,,,,,,,,,,
Chelyabinsk,Chelyabinskaya Oblast',Russia,51,13,25%,32,13,41%,11,6,55%,,,,,,,,,,,,,,,,,
Chengdu,Sichuan,China,54,21,39%,34,16,47%,14,7,50%,,,,,,,,,,,,,,,,,
Chennai,Tamil Nadu,India,26,7,27%,10,3,30%,2,1,50%,,,,,,,,,,,,,,,,,
Cherkessk,Karachayevo-Cherkesiya,Russia,65,29,45%,43,28,65%,14,13,93%,,,,,,,,,,,,,,,,,
Cheyenne,Wyoming,United States,52,19,37%,31,17,55%,9,9,100%,,,,,,,,,,,,,,,,,
Chiang Mai,Chiang Mai,Thailand,40,24,60%,19,13,68%,4,4,100%,,,,,,,,,,,,,,,,,
Chicago,Illinois,United States,45,12,27%,21,8,38%,4,2,50%,,,,,,,,,,,,,,,,,
Chico,California,United States,55,20,36%,32,13,41%,9,7,78%,,,,,,,,,,,,,,,,,
Chisinau,Chisinau,Moldova,53,30,57%,31,21,68%,8,6,75%,,,,,,,,,,,,,,,,,
Chita,Zabaykal'skiy Kray,Russia,39,17,44%,18,8,44%,4,3,75%,,,,,,,,,,,,,,,,,
Chongqing,Chongqing,China,52,11,21%,30,10,33%,11,4,36%,,,,,,,,,,,,,,,,,
Cilacap,Jawa Tengah,Indonesia,64,59,92%,31,29,94%,6,6,100%,,,,,,,,,,,,,,,,,
Cincinnati,Ohio,United States,37,11,30%,17,9,53%,2,2,100%,,,,,,,,,,,,,,,,,
Ciudad Nezahualcoyotl,Mexico,Mexico,63,49,78%,32,26,81%,10,10,100%,,,,,,,,,,,,,,,,,
Clarksburg,West Virginia,United States,43,14,33%,24,11,46%,7,4,57%,,,,,,,,,,,,,,,,,
Cleveland,Ohio,United States,32,10,31%,14,5,36%,2,1,50%,,,,,,,,,,,,,,,,,
Cologne,North Rhine-Westphalia,Germany,45,21,47%,21,10,48%,5,3,60%,,,,,,,,,,,,,,,,,
Colombo,Western,Sri Lanka,73,58,79%,40,31,78%,11,10,91%,,,,,,,,,,,,,,,,,
Colorado Springs,Colorado,United States,59,27,46%,34,20,59%,10,9,90%,,,,,,,,,,,,,,,,,
Columbia,South Carolina,United States,30,17,57%,12,9,75%,1,1,100%,,,,,,,,,,,,,,,,,
Columbia,Missouri,United States,38,10,26%,18,4,22%,3,1,33%,,,,,,,,,,,,,,,,,
Columbus,Georgia,United States,43,21,49%,21,15,71%,5,3,60%,,,,,,,,,,,,,,,,,
Columbus,Ohio,United States,38,14,37%,16,8,50%,2,1,50%,,,,,,,,,,,,,,,,,
Comayaguela,Francisco Morazan,Honduras,55,35,64%,31,22,71%,7,7,100%,,,,,,,,,,,,,,,,,
Conakry,Conakry,Guinea,103,97,94%,64,61,95%,19,18,95%,,,,,,,,,,,,,,,,,
Concord,New Hampshire,United States,45,16,36%,25,11,44%,6,4,67%,,,,,,,,,,,,,,,,,
Copenhagen,Hovedstaden,Denmark,43,19,44%,19,8,42%,4,3,75%,,,,,,,,,,,,,,,,,
Cordoba,Cordoba,Argentina,51,18,35%,30,13,43%,9,5,56%,,,,,,,,,,,,,,,,,
Corpus Christi,Texas,United States,48,27,56%,25,16,64%,7,6,86%,,,,,,,,,,,,,,,,,
Cotonou,Littoral,Benin,80,68,85%,56,47,84%,24,23,96%,,,,,,,,,,,,,,,,,
Cuiaba,Mato Grosso,Brazil,76,36,47%,48,22,46%,25,16,64%,,,,,,,,,,,,,,,,,
Curitiba,Parana,Brazil,42,31,74%,21,15,71%,5,4,80%,,,,,,,,,,,,,,,,,
Daegu,Daegu,"Korea, South",44,13,30%,23,12,52%,2,2,100%,,,,,,,,,,,,,,,,,
Daejeon,Daejeon,"Korea, South",50,13,26%,28,8,29%,6,6,100%,,,,,,,,,,,,,,,,,
Dakar,Dakar,Senegal,62,46,74%,36,30,83%,7,7,100%,,,,,,,,,,,,,,,,,
Dallas,Texas,United States,47,14,30%,28,8,29%,12,6,50%,,,,,,,,,,,,,,,,,
Daman,Dadra and Nagar Haveli and Daman and Diu,India,57,31,54%,33,20,61%,7,4,57%,,,,,,,,,,,,,,,,,
Damascus,Dimashq,Syria,60,35,58%,40,28,70%,10,8,80%,,,,,,,,,,,,,,,,,
Dar es Salaam,Dar es Salaam,Tanzania,57,50,88%,28,26,93%,6,6,100%,,,,,,,,,,,,,,,,,
Darwin,Northern Territory,Australia,38,33,87%,19,17,89%,3,3,100%,,,,,,,,,,,,,,,,,
Davao,Davao,Philippines,46,40,87%,22,21,95%,5,5,100%,,,,,,,,,,,,,,,,,
Davy Hill,Saint Peter,Montserrat,93,83,89%,71,68,96%,35,35,100%,,,,,,,,,,,,,,,,,
Dayton,Ohio,United States,40,17,43%,17,8,47%,2,2,100%,,,,,,,,,,,,,,,,,
Dehradun,Uttarakhand,India,31,1,3%,14,0,0%,4,-1,-25%,,,,,,,,,,,,,,,,,
Delhi,Delhi,India,32,-4,-13%,17,-2,-12%,6,-1,-17%,,,,,,,,,,,,,,,,,
Denizli,Denizli,Türkiye,65,37,57%,46,35,76%,16,15,94%,,,,,,,,,,,,,,,,,
Denver,Colorado,United States,57,21,37%,36,20,56%,11,10,91%,,,,,,,,,,,,,,,,,
Depok,Jawa Barat,Indonesia,44,37,84%,25,22,88%,4,3,75%,,,,,,,,,,,,,,,,,
Des Moines,Iowa,United States,53,14,26%,27,7,26%,6,2,33%,,,,,,,,,,,,,,,,,
Detroit,Michigan,United States,43,15,35%,18,7,39%,2,1,50%,,,,,,,,,,,,,,,,,
Dhaka,Dhaka,Bangladesh,64,16,25%,37,3,8%,14,-5,-36%,,,,,,,,,,,,,,,,,
Dhanbad,Jharkhand,India,41,-5,-12%,19,-5,-26%,2,-3,-150%,,,,,,,,,,,,,,,,,
Dili,Dili,Timor-Leste,86,55,64%,52,35,67%,15,10,67%,,,,,,,,,,,,,,,,,
Dispur,Assam,India,75,31,41%,49,21,43%,12,3,25%,,,,,,,,,,,,,,,,,
Diyarbakir,Diyarbakir,Türkiye,52,33,63%,31,27,87%,6,5,83%,,,,,,,,,,,,,,,,,
Djibouti,Djibouti,Djibouti,40,28,70%,27,22,81%,11,11,100%,,,,,,,,,,,,,,,,,
Dodoma,Dodoma,Tanzania,32,24,75%,16,12,75%,5,4,80%,,,,,,,,,,,,,,,,,
Doha,Ad Dawhah,Qatar,46,28,61%,26,21,81%,7,7,100%,,,,,,,,,,,,,,,,,
Dothan,Alabama,United States,35,17,49%,16,9,56%,2,1,50%,,,,,,,,,,,,,,,,,
Douala,Littoral,Cameroon,89,74,83%,58,52,90%,21,20,95%,,,,,,,,,,,,,,,,,
Douglas,,Isle of Man,57,40,70%,33,26,79%,8,7,88%,,,,,,,,,,,,,,,,,
Dubai,Dubayy,United Arab Emirates,48,30,63%,23,18,78%,3,2,67%,,,,,,,,,,,,,,,,,
Dublin,Dublin,Ireland,41,13,32%,25,12,48%,7,4,57%,,,,,,,,,,,,,,,,,
Dubuque,Iowa,United States,48,14,29%,27,10,37%,4,2,50%,,,,,,,,,,,,,,,,,
Duluth,Minnesota,United States,38,15,39%,16,6,38%,2,1,50%,,,,,,,,,,,,,,,,,
Dushanbe,Dushanbe,Tajikistan,60,28,47%,36,18,50%,13,9,69%,,,,,,,,,,,,,,,,,
Ecatepec,Mexico,Mexico,63,49,78%,32,26,81%,10,10,100%,,,,,,,,,,,,,,,,,
Edmonton,Alberta,Canada,47,11,23%,32,12,38%,12,7,58%,,,,,,,,,,,,,,,,,
El Paso,Texas,United States,52,25,48%,32,19,59%,11,9,82%,,,,,,,,,,,,,,,,,
Elista,Kalmykiya,Russia,52,25,48%,27,17,63%,5,5,100%,,,,,,,,,,,,,,,,,
Elmira,New York,United States,44,13,30%,25,10,40%,4,3,75%,,,,,,,,,,,,,,,,,
Erie,Pennsylvania,United States,38,15,39%,17,8,47%,3,3,100%,,,,,,,,,,,,,,,,,
Esfahan,Esfahan,Iran,56,30,54%,34,24,71%,13,12,92%,,,,,,,,,,,,,,,,,
Eugene,Oregon,United States,49,18,37%,27,15,56%,6,3,50%,,,,,,,,,,,,,,,,,
Eureka,California,United States,36,13,36%,18,6,33%,5,1,20%,,,,,,,,,,,,,,,,,
Evansville,Indiana,United States,34,13,38%,17,8,47%,3,2,67%,,,,,,,,,,,,,,,,,
Fairbanks,Alaska,United States,41,8,20%,20,6,30%,3,1,33%,,,,,,,,,,,,,,,,,
Faisalabad,Punjab,Pakistan,29,-11,-38%,12,-11,-92%,1,-4,-400%,,,,,,,,,,,,,,,,,
Fargo,North Dakota,United States,52,15,29%,29,10,34%,8,3,38%,,,,,,,,,,,,,,,,,
Faridabad,Haryana,India,32,-4,-13%,17,-2,-12%,6,-1,-17%,,,,,,,,,,,,,,,,,
Fayetteville,Arkansas,United States,49,14,29%,25,9,36%,5,3,60%,,,,,,,,,,,,,,,,,
Fes,Fes-Meknes,Morocco,53,25,47%,30,15,50%,13,11,85%,,,,,,,,,,,,,,,,,
Flagstaff,Arizona,United States,53,30,57%,30,20,67%,10,9,90%,,,,,,,,,,,,,,,,,
Flint,Michigan,United States,46,17,37%,22,10,45%,3,2,67%,,,,,,,,,,,,,,,,,
Florence,South Carolina,United States,31,17,55%,12,7,58%,1,1,100%,,,,,,,,,,,,,,,,,
Florianopolis,Santa Catarina,Brazil,35,18,51%,17,12,71%,1,1,100%,,,,,,,,,,,,,,,,,
Flying Fish Cove,,Christmas Island,58,56,97%,33,32,97%,8,8,100%,,,,,,,,,,,,,,,,,
Fort Myers,Florida,United States,52,36,69%,27,21,78%,5,5,100%,,,,,,,,,,,,,,,,,
Fort Smith,Arkansas,United States,44,14,32%,24,11,46%,4,3,75%,,,,,,,,,,,,,,,,,
Fort Wayne,Indiana,United States,50,16,32%,27,12,44%,5,4,80%,,,,,,,,,,,,,,,,,
Fort-de-France,,Martinique,93,84,90%,68,65,96%,29,28,97%,,,,,,,,,,,,,,,,,
Fortaleza,Ceara,Brazil,60,58,97%,33,32,97%,7,7,100%,,,,,,,,,,,,,,,,,
Fredericton,New Brunswick,Canada,46,16,35%,25,14,56%,5,3,60%,,,,,,,,,,,,,,,,,
Freetown,Western Area,Sierra Leone,116,106,91%,78,74,95%,16,15,94%,,,,,,,,,,,,,,,,,
Fresno,California,United States,74,25,34%,52,25,48%,23,17,74%,,,,,,,,,,,,,,,,,
Fukuoka,Fukuoka,Japan,47,15,32%,27,14,52%,8,8,100%,,,,,,,,,,,,,,,,,
Fuzhou,Fujian,China,59,22,37%,35,16,46%,13,8,62%,,,,,,,,,,,,,,,,,
Gaborone,Gaborone,Botswana,45,24,53%,26,15,58%,9,7,78%,,,,,,,,,,,,,,,,,
Gainesville,Florida,United States,45,29,64%,23,17,74%,4,4,100%,,,,,,,,,,,,,,,,,
Gangtok,Sikkim,India,59,29,49%,36,22,61%,14,11,79%,,,,,,,,,,,,,,,,,
Gatchina,Leningradskaya Oblast',Russia,50,16,32%,28,11,39%,7,5,71%,,,,,,,,,,,,,,,,,
Gaza,,Gaza Strip,51,37,73%,29,22,76%,6,4,67%,,,,,,,,,,,,,,,,,
Gazipura,Dhaka,Bangladesh,61,13,21%,31,-3,-10%,10,-6,-60%,,,,,,,,,,,,,,,,,
George Town,,Cayman Islands,82,73,89%,60,57,95%,32,32,100%,,,,,,,,,,,,,,,,,
Georgetown,Demerara-Mahaica,Guyana,85,68,80%,63,57,90%,29,28,97%,,,,,,,,,,,,,,,,,
Ghandinagar,Gujarat,India,34,6,18%,15,4,27%,2,1,50%,,,,,,,,,,,,,,,,,
Ghaziabad,Uttar Pradesh,India,26,-5,-19%,15,-1,-7%,3,-1,-33%,,,,,,,,,,,,,,,,,
Gibraltar,,Gibraltar,48,23,48%,26,15,58%,4,1,25%,,,,,,,,,,,,,,,,,
Gitega,Gitega,Burundi,58,41,71%,31,24,77%,5,4,80%,,,,,,,,,,,,,,,,,
Giza,Al Jizah,Egypt,52,31,60%,27,16,59%,6,3,50%,,,,,,,,,,,,,,,,,
Glendive,Montana,United States,48,17,35%,24,12,50%,6,4,67%,,,,,,,,,,,,,,,,,
Goiania,Goias,Brazil,49,34,69%,28,22,79%,9,8,89%,,,,,,,,,,,,,,,,,
Gorno-Altaysk,Altay,Russia,50,17,34%,29,13,45%,7,3,43%,,,,,,,,,,,,,,,,,
Goyang,Gyeonggi,"Korea, South",48,13,27%,30,9,30%,7,4,57%,,,,,,,,,,,,,,,,,
Grand Junction,Colorado,United States,58,28,48%,36,25,69%,12,11,92%,,,,,,,,,,,,,,,,,
Grand Rapids,Michigan,United States,49,15,31%,26,11,42%,5,4,80%,,,,,,,,,,,,,,,,,
Grand Turk,,Turks and Caicos Islands,89,76,85%,64,59,92%,39,38,97%,,,,,,,,,,,,,,,,,
Great Falls,Montana,United States,49,15,31%,29,12,41%,7,5,71%,,,,,,,,,,,,,,,,,
Green Bay,Wisconsin,United States,47,19,40%,23,9,39%,4,2,50%,,,,,,,,,,,,,,,,,
Greensboro,North Carolina,United States,40,20,50%,21,16,76%,3,3,100%,,,,,,,,,,,,,,,,,
Greenville,North Carolina,United States,40,18,45%,21,12,57%,2,2,100%,,,,,,,,,,,,,,,,,
Greenville,South Carolina,United States,39,23,59%,15,11,73%,1,1,100%,,,,,,,,,,,,,,,,,
Greenville,Mississippi,United States,43,13,30%,22,7,32%,2,1,50%,,,,,,,,,,,,,,,,,
Groznyy,Chechnya,Russia,59,39,66%,32,28,88%,3,3,100%,,,,,,,,,,,,,,,,,
Guadalajara,Jalisco,Mexico,50,25,50%,27,15,56%,11,9,82%,,,,,,,,,,,,,,,,,
Guangzhou,Guangdong,China,54,37,69%,29,23,79%,9,8,89%,,,,,,,,,,,,,,,,,
Guarulhos,São Paulo,Brazil,43,27,63%,24,17,71%,7,5,71%,,,,,,,,,,,,,,,,,
Guatemala City,Guatemala,Guatemala,79,61,77%,42,37,88%,12,12,100%,,,,,,,,,,,,,,,,,
Guayaquil,Guayas,Ecuador,88,64,73%,49,41,84%,11,10,91%,,,,,,,,,,,,,,,,,
Guiyang,Guizhou,China,60,23,38%,35,19,54%,11,7,64%,,,,,,,,,,,,,,,,,
Gujranwala,Punjab,Pakistan,39,-6,-15%,22,-7,-32%,5,-3,-60%,,,,,,,,,,,,,,,,,
Gustavia,,Saint Barthelemy,94,80,85%,74,69,93%,43,43,100%,,,,,,,,,,,,,,,,,
Guwahati,Assam,India,75,31,41%,49,21,43%,12,3,25%,,,,,,,,,,,,,,,,,
Gwalior,Madhya Pradesh,India,39,1,3%,20,1,5%,7,3,43%,,,,,,,,,,,,,,,,,
Gwangju,Gwangju,"Korea, South",49,14,29%,28,13,46%,6,4,67%,,,,,,,,,,,,,,,,,
Hagerstown,Maryland,United States,50,16,32%,29,11,38%,9,6,67%,,,,,,,,,,,,,,,,,
Hagta,,Guam,93,93,100%,56,55,98%,13,13,100%,,,,,,,,,,,,,,,,,
Haikou,Hainan,China,66,33,50%,44,27,61%,17,13,76%,,,,,,,,,,,,,,,,,
Haiphong,Hai Phong,Vietnam,59,33,56%,33,23,70%,10,8,80%,,,,,,,,,,,,,,,,,
Haldwani,Uttarakhand,India,32,2,6%,15,-1,-7%,2,-1,-50%,,,,,,,,,,,,,,,,,
Halifax,Nova Scotia,Canada,44,20,45%,25,14,56%,7,6,86%,,,,,,,,,,,,,,,,,
Hamburg,Hamburg,Germany,44,19,43%,22,11,50%,4,3,75%,,,,,,,,,,,,,,,,,
Hamilton,Hamilton,Bermuda,52,36,69%,37,32,86%,15,15,100%,,,,,,,,,,,,,,,,,
Hangzhou,Zhejiang,China,47,13,28%,27,10,37%,10,6,60%,,,,,,,,,,,,,,,,,
Hanoi,Ha Noi,Vietnam,56,24,43%,33,18,55%,7,4,57%,,,,,,,,,,,,,,,,,
Harare,Harare,Zimbabwe,56,29,52%,34,23,68%,10,8,80%,,,,,,,,,,,,,,,,,
Harbin,Heilongjiang,China,37,17,46%,16,10,63%,1,1,100%,,,,,,,,,,,,,,,,,
Hargeisa,Woqooyi Galbeed,Somalia,74,53,72%,42,31,74%,13,10,77%,,,,,,,,,,,,,,,,,
Harrisburg,Pennsylvania,United States,42,12,29%,22,11,50%,4,3,75%,,,,,,,,,,,,,,,,,
Harrisonburg,Virginia,United States,48,15,31%,26,9,35%,7,5,71%,,,,,,,,,,,,,,,,,
Hartford,Connecticut,United States,39,10,26%,22,10,45%,3,1,33%,,,,,,,,,,,,,,,,,
Hattiesburg,Mississippi,United States,52,16,31%,31,12,39%,11,3,27%,,,,,,,,,,,,,,,,,
Havana,La Habana,Cuba,65,37,57%,44,28,64%,16,10,63%,,,,,,,,,,,,,,,,,
Hazard,Kentucky,United States,40,13,33%,20,8,40%,5,4,80%,,,,,,,,,,,,,,,,,
Hebron,,West Bank,54,41,76%,29,21,72%,8,7,88%,,,,,,,,,,,,,,,,,
Hefei,Anhui,China,50,12,24%,26,8,31%,9,2,22%,,,,,,,,,,,,,,,,,
Helena,Montana,United States,47,16,34%,29,14,48%,8,7,88%,,,,,,,,,,,,,,,,,
Helsinki,Uusimaa,Finland,48,18,38%,26,12,46%,6,4,67%,,,,,,,,,,,,,,,,,
Hiroshima,Hiroshima,Japan,47,14,30%,30,15,50%,8,7,88%,,,,,,,,,,,,,,,,,
Ho Chi Minh City,Ho Chi Minh,Vietnam,34,27,79%,16,13,81%,4,4,100%,,,,,,,,,,,,,,,,,
Hobart,Tasmania,Australia,36,15,42%,16,8,50%,3,2,67%,,,,,,,,,,,,,,,,,
Hohhot,Inner Mongolia,China,50,24,48%,27,17,63%,6,6,100%,,,,,,,,,,,,,,,,,
Hong Kong,,Hong Kong,60,42,70%,36,28,78%,11,9,82%,,,,,,,,,,,,,,,,,
Honiara,Honiara,Solomon Islands,99,95,96%,59,57,97%,18,18,100%,,,,,,,,,,,,,,,,,
Honolulu,Hawaii,United States,57,57,100%,22,22,100%,0,0,--,,,,,,,,,,,,,,,,,
Houston,Texas,United States,47,16,34%,26,8,31%,7,2,29%,,,,,,,,,,,,,,,,,
Howrah,West Bengal,India,40,-4,-10%,21,-4,-19%,6,-1,-17%,,,,,,,,,,,,,,,,,
Huntington,West Virginia,United States,42,11,26%,23,9,39%,4,2,50%,,,,,,,,,,,,,,,,,
Huntsville,Alabama,United States,41,15,37%,22,12,55%,3,2,67%,,,,,,,,,,,,,,,,,
Hyderabad,Telangana,India,23,10,43%,7,3,43%,2,1,50%,,,,,,,,,,,,,,,,,
Hyderabad City,Sindh,Pakistan,33,9,27%,17,5,29%,3,1,33%,,,,,,,,,,,,,,,,,
Ibadan,Oyo,Nigeria,100,32,32%,70,32,46%,24,17,71%,,,,,,,,,,,,,,,,,
Idaho Falls,Idaho,United States,48,18,38%,26,12,46%,7,6,86%,,,,,,,,,,,,,,,,,
Ikare,Ondo,Nigeria,94,50,53%,53,32,60%,14,11,79%,,,,,,,,,,,,,,,,,
Imphal,Manipur,India,85,41,48%,55,27,49%,21,10,48%,,,,,,,,,,,,,,,,,
Incheon,Incheon,"Korea, South",50,12,24%,30,8,27%,8,4,50%,,,,,,,,,,,,,,,,,
Indianapolis,Indiana,United States,40,14,35%,18,8,44%,2,1,50%,,,,,,,,,,,,,,,,,
Indore,Madhya Pradesh,India,32,13,41%,14,7,50%,2,2,100%,,,,,,,,,,,,,,,,,
Irkutsk,Irkutskaya Oblast',Russia,36,15,42%,17,9,53%,3,2,67%,,,,,,,,,,,,,,,,,
Islamabad,Islamabad,Pakistan,53,11,21%,25,3,12%,5,-1,-20%,,,,,,,,,,,,,,,,,
Istanbul,Istanbul,Türkiye,55,38,69%,30,24,80%,9,7,78%,,,,,,,,,,,,,,,,,
Itanagar,Arunachal Pradesh,India,70,29,41%,50,29,58%,14,11,79%,,,,,,,,,,,,,,,,,
Ivanovo,Ivanovskaya Oblast',Russia,52,18,35%,27,12,44%,8,7,88%,,,,,,,,,,,,,,,,,
Izhevsk,Udmurtiya,Russia,49,14,29%,26,7,27%,8,4,50%,,,,,,,,,,,,,,,,,
Izmir,Izmir,Türkiye,45,26,58%,23,16,70%,6,5,83%,,,,,,,,,,,,,,,,,
Jabalpur,Madhya Pradesh,India,27,9,33%,8,3,38%,1,1,100%,,,,,,,,,,,,,,,,,
Jackson,Idaho,United States,51,20,39%,28,16,57%,8,7,88%,,,,,,,,,,,,,,,,,
Jackson,Mississippi,United States,41,12,29%,22,7,32%,6,2,33%,,,,,,,,,,,,,,,,,
Jackson,Tennessee,United States,36,10,28%,19,7,37%,5,3,60%,,,,,,,,,,,,,,,,,
Jacksonville,Florida,United States,34,22,65%,13,9,69%,1,1,100%,,,,,,,,,,,,,,,,,
Jaipur,Rajasthan,India,31,7,23%,16,7,44%,5,4,80%,,,,,,,,,,,,,,,,,
Jakarta,Jakarta,Indonesia,45,36,80%,24,19,79%,8,7,88%,,,,,,,,,,,,,,,,,
Jamestown,Saint Helena,"Saint Helena, Ascension, and Tristan da Cunha",70,60,86%,45,42,93%,21,21,100%,,,,,,,,,,,,,,,,,
Jammu,Jammu and Kashmir,India,43,-1,-2%,25,-3,-12%,8,-1,-13%,,,,,,,,,,,,,,,,,
Jamshedpur,Jharkhand,India,41,0,0%,20,-2,-10%,3,0,0%,,,,,,,,,,,,,,,,,
Jeddah,Makkah al Mukarramah,Saudi Arabia,58,49,84%,33,29,88%,9,7,78%,,,,,,,,,,,,,,,,,
Jefferson City,Missouri,United States,39,9,23%,18,5,28%,3,1,33%,,,,,,,,,,,,,,,,,
Jerusalem,Jerusalem,Israel,55,41,75%,29,22,76%,7,6,86%,,,,,,,,,,,,,,,,,
Jinan,Shandong,China,49,11,22%,26,7,27%,7,2,29%,,,,,,,,,,,,,,,,,
Joao Pessoa,Paraiba,Brazil,59,53,90%,34,33,97%,10,10,100%,,,,,,,,,,,,,,,,,
Jodhpur,Rajasthan,India,36,14,39%,17,8,47%,5,3,60%,,,,,,,,,,,,,,,,,
Johannesburg,Gauteng,South Africa,51,28,55%,30,19,63%,9,8,89%,,,,,,,,,,,,,,,,,
Jonesboro,Arkansas,United States,33,10,30%,17,7,41%,2,2,100%,,,,,,,,,,,,,,,,,
Joplin,Missouri,United States,44,10,23%,25,9,36%,4,2,50%,,,,,,,,,,,,,,,,,
Juarez,Chihuahua,Mexico,52,25,48%,32,19,59%,11,9,82%,,,,,,,,,,,,,,,,,
Juba,Central Equatoria,South Sudan,39,36,92%,14,14,100%,2,2,100%,,,,,,,,,,,,,,,,,
Juneau,Alaska,United States,40,21,53%,21,12,57%,4,3,75%,,,,,,,,,,,,,,,,,
Kabul,Kabul,Afghanistan,29,15,52%,15,9,60%,3,3,100%,,,,,,,,,,,,,,,,,
Kaliningrad,Kaliningradskaya Oblast',Russia,47,18,38%,26,13,50%,7,6,86%,,,,,,,,,,,,,,,,,
Kaluga,Kaluzhskaya Oblast',Russia,47,20,43%,26,15,58%,6,5,83%,,,,,,,,,,,,,,,,,
Kalyan,Maharashtra,India,55,8,15%,27,2,7%,5,0,0%,,,,,,,,,,,,,,,,,
Kampala,Kampala,Uganda,61,53,87%,27,26,96%,4,4,100%,,,,,,,,,,,,,,,,,
Kananga,Kasai Central,Congo (Kinshasa),96,55,57%,63,41,65%,20,17,85%,,,,,,,,,,,,,,,,,
Kano,Kano,Nigeria,49,17,35%,27,16,59%,7,6,86%,,,,,,,,,,,,,,,,,
Kanpur,Uttar Pradesh,India,34,-5,-15%,19,-5,-26%,6,-2,-33%,,,,,,,,,,,,,,,,,
Kansas City,Missouri,United States,41,10,24%,20,4,20%,2,1,50%,,,,,,,,,,,,,,,,,
Kaohsiung,Kaohsiung,Taiwan,67,50,75%,42,34,81%,11,9,82%,,,,,,,,,,,,,,,,,
Karachi,Sindh,Pakistan,60,29,48%,32,16,50%,3,2,67%,,,,,,,,,,,,,,,,,
Karaj,Alborz,Iran,43,27,63%,21,17,81%,3,3,100%,,,,,,,,,,,,,,,,,
Katako-Kombe,Sankuru,Congo (Kinshasa),139,60,43%,100,46,46%,46,28,61%,,,,,,,,,,,,,,,,,
Kathmandu,,Nepal,58,33,57%,31,19,61%,4,1,25%,,,,,,,,,,,,,,,,,
Kavaratti,Lakshadweep,India,56,36,64%,34,28,82%,13,13,100%,,,,,,,,,,,,,,,,,
Kawasaki,Kanagawa,Japan,57,18,32%,40,19,48%,17,13,76%,,,,,,,,,,,,,,,,,
Kayseri,Kayseri,Türkiye,43,24,56%,21,14,67%,4,3,75%,,,,,,,,,,,,,,,,,
Kazan,Tatarstan,Russia,48,18,38%,27,11,41%,6,3,50%,,,,,,,,,,,,,,,,,
Kemerovo,Kemerovskaya Oblast',Russia,45,10,22%,25,10,40%,6,2,33%,,,,,,,,,,,,,,,,,
Khabarovsk,Khabarovskiy Kray,Russia,44,18,41%,24,11,46%,4,3,75%,,,,,,,,,,,,,,,,,
Khanty-Mansiysk,Khanty-Mansiyskiy Avtonomnyy Okrug-Yugra,Russia,46,11,24%,23,10,43%,6,3,50%,,,,,,,,,,,,,,,,,
Kharkiv,Kharkivska Oblast,Ukraine,48,22,46%,27,17,63%,5,5,100%,,,,,,,,,,,,,,,,,
Khartoum,Khartoum,Sudan,53,42,79%,28,26,93%,4,4,100%,,,,,,,,,,,,,,,,,
Khowrhesht,Qazvin,Iran,49,25,51%,27,18,67%,6,5,83%,,,,,,,,,,,,,,,,,
Khulna,Khulna,Bangladesh,48,1,2%,27,-3,-11%,7,-1,-14%,,,,,,,,,,,,,,,,,
Kigali,Kigali,Rwanda,70,56,80%,38,33,87%,10,9,90%,,,,,,,,,,,,,,,,,
King Edward Point,,South Georgia And South Sandwich Islands,60,30,50%,35,20,57%,8,5,63%,,,,,,,,,,,,,,,,,
Kingston,Kingston,Jamaica,84,63,75%,58,47,81%,22,21,95%,,,,,,,,,,,,,,,,,
Kingston,,Norfolk Island,56,32,57%,32,21,66%,22,7,32%,,,,,,,,,,,,,,,,,
Kingstown,Saint George,Saint Vincent and the Grenadines,98,90,92%,72,68,94%,30,30,100%,,,,,,,,,,,,,,,,,
Kinshasa,Kinshasa,Congo (Kinshasa),70,54,77%,36,31,86%,9,9,100%,,,,,,,,,,,,,,,,,
Kirov,Kirovskaya Oblast',Russia,48,14,29%,25,9,36%,5,3,60%,,,,,,,,,,,,,,,,,
Kisangani,Tshopo,Congo (Kinshasa),106,50,47%,62,38,61%,24,21,88%,,,,,,,,,,,,,,,,,
Kismaayo,Jubbada Hoose,Somalia,56,47,84%,33,31,94%,5,5,100%,,,,,,,,,,,,,,,,,
Knoxville,Tennessee,United States,44,19,43%,23,13,57%,5,4,80%,,,,,,,,,,,,,,,,,
Kobe,Hyogo,Japan,51,16,31%,35,20,57%,11,9,82%,,,,,,,,,,,,,,,,,
Kohima,Nagaland,India,75,35,47%,48,27,56%,13,9,69%,,,,,,,,,,,,,,,,,
Kolkata,West Bengal,India,40,-4,-10%,21,-4,-19%,6,-1,-17%,,,,,,,,,,,,,,,,,
Konya,Konya,Türkiye,43,24,56%,25,18,72%,6,5,83%,,,,,,,,,,,,,,,,,
Koror,Koror,Palau,114,112,98%,75,74,99%,26,26,100%,,,,,,,,,,,,,,,,,
Kostroma,Kostromskaya Oblast',Russia,51,18,35%,28,13,46%,8,7,88%,,,,,,,,,,,,,,,,,
Kota,Rajasthan,India,28,10,36%,12,6,50%,4,3,75%,,,,,,,,,,,,,,,,,
Kotla Qasim Khan,Punjab,Pakistan,40,-5,-13%,21,-6,-29%,5,-3,-60%,,,,,,,,,,,,,,,,,
Kowloon,,Hong Kong,60,42,70%,36,28,78%,11,9,82%,,,,,,,,,,,,,,,,,
Kralendijk,Bonaire,"Bonaire, Sint Eustatius, and Saba",92,78,85%,65,62,95%,33,33,100%,,,,,,,,,,,,,,,,,
Krasnodar,Krasnodarskiy Kray,Russia,53,26,49%,29,20,69%,7,6,86%,,,,,,,,,,,,,,,,,
Krasnoyarsk,Krasnoyarskiy Kray,Russia,42,14,33%,19,8,42%,3,2,67%,,,,,,,,,,,,,,,,,
Kuala Lumpur,Kuala Lumpur,Malaysia,66,60,91%,35,32,91%,3,2,67%,,,,,,,,,,,,,,,,,
Kumasi,Ashanti,Ghana,66,49,74%,37,31,84%,6,6,100%,,,,,,,,,,,,,,,,,
Kunming,Yunnan,China,58,38,66%,35,25,71%,6,5,83%,,,,,,,,,,,,,,,,,
Kurgan,Kurganskaya Oblast',Russia,48,12,25%,28,9,32%,10,3,30%,,,,,,,,,,,,,,,,,
Kursk,Kurskaya Oblast',Russia,48,24,50%,27,17,63%,6,6,100%,,,,,,,,,,,,,,,,,
Kuwait City,Al 'Asimah,Kuwait,61,45,74%,35,30,86%,11,11,100%,,,,,,,,,,,,,,,,,
Kyiv,"Kyiv, Misto",Ukraine,54,26,48%,30,16,53%,8,7,88%,,,,,,,,,,,,,,,,,
Kyoto,Kyoto,Japan,47,14,30%,33,21,64%,7,7,100%,,,,,,,,,,,,,,,,,
Kyzyl,Tyva,Russia,43,17,40%,21,9,43%,5,5,100%,,,,,,,,,,,,,,,,,
La Crosse,Wisconsin,United States,47,11,23%,26,8,31%,5,2,40%,,,,,,,,,,,,,,,,,
La Paz,La Paz,Bolivia,67,60,90%,35,33,94%,9,9,100%,,,,,,,,,,,,,,,,,
Lafayette,Louisiana,United States,59,24,41%,38,18,47%,12,6,50%,,,,,,,,,,,,,,,,,
Lafayette,Indiana,United States,45,20,44%,19,8,42%,4,2,50%,,,,,,,,,,,,,,,,,
Lagos,Lagos,Nigeria,106,83,78%,68,57,84%,21,21,100%,,,,,,,,,,,,,,,,,
Lahore,Punjab,Pakistan,35,-7,-20%,19,-7,-37%,3,-4,-133%,,,,,,,,,,,,,,,,,
Lake Charles,Louisiana,United States,58,23,40%,36,13,36%,10,6,60%,,,,,,,,,,,,,,,,,
Lansing,Michigan,United States,45,14,31%,22,9,41%,2,2,100%,,,,,,,,,,,,,,,,,
Lanzhou,Gansu,China,51,26,51%,30,21,70%,7,6,86%,,,,,,,,,,,,,,,,,
Laredo,Texas,United States,36,25,69%,22,16,73%,6,6,100%,,,,,,,,,,,,,,,,,
Las Cruces,New Mexico,United States,52,26,50%,31,19,61%,10,8,80%,,,,,,,,,,,,,,,,,
Las Vegas,Nevada,United States,57,26,46%,38,21,55%,14,12,86%,,,,,,,,,,,,,,,,,
Leon de los Aldama,Guanajuato,Mexico,49,33,67%,27,19,70%,8,7,88%,,,,,,,,,,,,,,,,,
Lewiston,Idaho,United States,50,19,38%,29,13,45%,9,6,67%,,,,,,,,,,,,,,,,,
Lexington,Kentucky,United States,35,11,31%,17,7,41%,2,2,100%,,,,,,,,,,,,,,,,,
Lhasa,Tibet,China,46,33,72%,21,15,71%,3,3,100%,,,,,,,,,,,,,,,,,
Libreville,Estuaire,Gabon,69,63,91%,39,37,95%,12,11,92%,,,,,,,,,,,,,,,,,
Lilongwe,Lilongwe,Malawi,48,29,60%,27,20,74%,7,6,86%,,,,,,,,,,,,,,,,,
Lima,Ohio,United States,44,15,34%,23,11,48%,3,2,67%,,,,,,,,,,,,,,,,,
Lima,Lima,Peru,43,27,63%,27,20,74%,5,4,80%,,,,,,,,,,,,,,,,,
Lincoln,Nebraska,United States,50,12,24%,27,8,30%,6,3,50%,,,,,,,,,,,,,,,,,
Lipetsk,Lipetskaya Oblast',Russia,50,23,46%,27,15,56%,6,4,67%,,,,,,,,,,,,,,,,,
Lisbon,Lisboa,Portugal,35,16,46%,13,6,46%,3,2,67%,,,,,,,,,,,,,,,,,
Little Rock,Arkansas,United States,38,12,32%,18,7,39%,2,2,100%,,,,,,,,,,,,,,,,,
Ljubljana,Ljubljana,Slovenia,52,29,56%,29,22,76%,6,6,100%,,,,,,,,,,,,,,,,,
Lobamba,Hhohho,Eswatini,40,16,40%,20,8,40%,4,3,75%,,,,,,,,,,,,,,,,,
Lome,Maritime,Togo,59,54,92%,33,31,94%,8,8,100%,,,,,,,,,,,,,,,,,
London,"London, City of",United Kingdom,48,24,50%,24,10,42%,8,5,63%,,,,,,,,,,,,,,,,,
Longyearbyen,,Svalbard,60,45,75%,39,34,87%,17,17,100%,,,,,,,,,,,,,,,,,
Los Angeles,California,United States,42,16,38%,20,8,40%,4,1,25%,,,,,,,,,,,,,,,,,
Louisville,Kentucky,United States,34,11,32%,16,7,44%,3,2,67%,,,,,,,,,,,,,,,,,
Lower Prince's Quarter,,Sint Maarten,96,83,86%,77,72,94%,42,42,100%,,,,,,,,,,,,,,,,,
Luanda,Luanda,Angola,53,42,79%,25,22,88%,4,4,100%,,,,,,,,,,,,,,,,,
Lubbock,Texas,United States,57,24,42%,37,23,62%,8,6,75%,,,,,,,,,,,,,,,,,
Lubumbashi,Haut-Katanga,Congo (Kinshasa),36,23,64%,19,16,84%,4,4,100%,,,,,,,,,,,,,,,,,
Lucknow,Uttar Pradesh,India,33,-5,-15%,20,-4,-20%,5,-4,-80%,,,,,,,,,,,,,,,,,
Ludhiana,Punjab,India,29,-8,-28%,16,-4,-25%,4,-2,-50%,,,,,,,,,,,,,,,,,
Lusaka,Lusaka,Zambia,57,23,40%,31,19,61%,7,5,71%,,,,,,,,,,,,,,,,,
Luxembourg,Luxembourg,Luxembourg,45,23,51%,21,13,62%,4,4,100%,,,,,,,,,,,,,,,,,
Lynchburg,Virginia,United States,48,16,33%,27,13,48%,4,3,75%,,,,,,,,,,,,,,,,,
Macapá,Amapá,Brazil,61,59,97%,36,35,97%,6,6,100%,,,,,,,,,,,,,,,,,
Macau,,Macau,58,44,76%,31,26,84%,8,6,75%,,,,,,,,,,,,,,,,,
Maceio,Alagoas,Brazil,72,63,88%,44,40,91%,16,15,94%,,,,,,,,,,,,,,,,,
Macon,Georgia,United States,38,21,55%,17,11,65%,4,2,50%,,,,,,,,,,,,,,,,,
Madison,Wisconsin,United States,49,15,31%,25,9,36%,4,2,50%,,,,,,,,,,,,,,,,,
Madrid,Madrid,Spain,46,28,61%,31,25,81%,11,11,100%,,,,,,,,,,,,,,,,,
Madurai,Tamil Nadu,India,25,18,72%,9,7,78%,3,3,100%,,,,,,,,,,,,,,,,,
Magadan,Magadanskaya Oblast',Russia,56,28,50%,34,21,62%,9,7,78%,,,,,,,,,,,,,,,,,
Magas,Ingushetiya,Russia,63,35,56%,39,30,77%,8,7,88%,,,,,,,,,,,,,,,,,
Maiduguri,Borno,Nigeria,46,23,50%,26,19,73%,5,5,100%,,,,,,,,,,,,,,,,,
Maina,,Guam,93,93,100%,56,55,98%,13,13,100%,,,,,,,,,,,,,,,,,
Makassar,Sulawesi Selatan,Indonesia,55,49,89%,28,26,93%,6,6,100%,,,,,,,,,,,,,,,,,
Makhachkala,Dagestan,Russia,51,30,59%,27,21,78%,7,7,100%,,,,,,,,,,,,,,,,,
Malabo,Bioko Norte,Equatorial Guinea,87,74,85%,55,50,91%,16,15,94%,,,,,,,,,,,,,,,,,
Malang,Jawa Timur,Indonesia,62,45,73%,34,23,68%,8,5,63%,,,,,,,,,,,,,,,,,
Mamoudzou,,Mayotte,80,73,91%,48,47,98%,13,13,100%,,,,,,,,,,,,,,,,,
Managua,Managua,Nicaragua,44,27,61%,27,21,78%,6,5,83%,,,,,,,,,,,,,,,,,
Manama,Al 'Asimah,Bahrain,61,41,67%,39,31,79%,14,13,93%,,,,,,,,,,,,,,,,,
Manaus,Amazonas,Brazil,63,47,75%,43,36,84%,17,17,100%,,,,,,,,,,,,,,,,,
Manchester,New Hampshire,United States,43,14,33%,24,9,38%,6,4,67%,,,,,,,,,,,,,,,,,
Mandalay,Mandalay,Burma,45,16,36%,22,12,55%,4,3,75%,,,,,,,,,,,,,,,,,
Manila,Manila,Philippines,43,19,44%,26,15,58%,10,7,70%,,,,,,,,,,,,,,,,,
Mankato,Minnesota,United States,56,13,23%,29,8,28%,9,3,33%,,,,,,,,,,,,,,,,,
Mansfield,Ohio,United States,38,15,39%,16,10,63%,2,2,100%,,,,,,,,,,,,,,,,,
Manzini,Manzini,Eswatini,40,16,40%,20,8,40%,4,3,75%,,,,,,,,,,,,,,,,,
Maputo,Maputo,Mozambique,43,15,35%,22,7,32%,6,1,17%,,,,,,,,,,,,,,,,,
Maracaibo,Zulia,Venezuela,39,37,95%,20,20,100%,3,3,100%,,,,,,,,,,,,,,,,,
Marigot,,Saint Martin,96,83,86%,77,72,94%,42,42,100%,,,,,,,,,,,,,,,,,
Marquette,Michigan,United States,45,16,36%,24,12,50%,3,2,67%,,,,,,,,,,,,,,,,,
Maseru,Maseru,Lesotho,33,19,58%,18,13,72%,3,3,100%,,,,,,,,,,,,,,,,,
Mashhad,Khorasan-e Razavi,Iran,55,35,64%,32,24,75%,7,6,86%,,,,,,,,,,,,,,,,,
Mason City,Iowa,United States,57,16,28%,30,7,23%,9,3,33%,,,,,,,,,,,,,,,,,
Masqat,Masqat,Oman,36,12,33%,18,9,50%,4,3,75%,,,,,,,,,,,,,,,,,
Masvingo,Masvingo,Zimbabwe,48,22,46%,27,17,63%,7,6,86%,,,,,,,,,,,,,,,,,
Mata-Utu,Uvea,Wallis and Futuna,68,61,90%,43,40,93%,17,17,100%,,,,,,,,,,,,,,,,,
Matola,Maputo,Mozambique,43,15,35%,22,7,32%,6,1,17%,,,,,,,,,,,,,,,,,
Maykop,Adygeya,Russia,65,28,43%,39,22,56%,13,12,92%,,,,,,,,,,,,,,,,,
Mbabane,Hhohho,Eswatini,42,19,45%,20,8,40%,5,3,60%,,,,,,,,,,,,,,,,,
Mbandaka,Equateur,Congo (Kinshasa),85,48,56%,50,30,60%,19,12,63%,,,,,,,,,,,,,,,,,
Mbuji-Mayi,Kasai Oriental,Congo (Kinshasa),73,50,68%,46,35,76%,13,12,92%,,,,,,,,,,,,,,,,,
McAllen,Texas,United States,41,23,56%,24,17,71%,6,5,83%,,,,,,,,,,,,,,,,,
Mecca,Makkah al Mukarramah,Saudi Arabia,56,50,89%,31,28,90%,5,5,100%,,,,,,,,,,,,,,,,,
Medan,Sumatera Utara,Indonesia,52,45,87%,25,22,88%,6,6,100%,,,,,,,,,,,,,,,,,
Medellin,Antioquia,Colombia,64,57,89%,37,35,95%,8,7,88%,,,,,,,,,,,,,,,,,
Medford,Oregon,United States,42,18,43%,22,12,55%,4,2,50%,,,,,,,,,,,,,,,,,
Medina,Al Madinah al Munawwarah,Saudi Arabia,51,39,76%,30,28,93%,9,9,100%,,,,,,,,,,,,,,,,,
Meerut,Uttar Pradesh,India,26,-5,-19%,12,-3,-25%,1,-1,-100%,,,,,,,,,,,,,,,,,
Melbourne,Victoria,Australia,35,9,26%,15,7,47%,3,2,67%,,,,,,,,,,,,,,,,,
Memphis,Tennessee,United States,33,9,27%,17,6,35%,1,1,100%,,,,,,,,,,,,,,,,,
Meneng Terrace,Meneng,Nauru,64,63,98%,36,36,100%,8,8,100%,,,,,,,,,,,,,,,,,
Meridian,Mississippi,United States,41,12,29%,22,7,32%,6,1,17%,,,,,,,,,,,,,,,,,
Mersin,Mersin,Türkiye,65,54,83%,41,37,90%,9,8,89%,,,,,,,,,,,,,,,,,
Mexicali,Baja California,Mexico,64,24,38%,42,21,50%,12,8,67%,,,,,,,,,,,,,,,,,
Mexico City,Ciudad de Mexico,Mexico,74,56,76%,42,36,86%,12,12,100%,,,,,,,,,,,,,,,,,
Miami,Florida,United States,61,44,72%,37,30,81%,9,7,78%,,,,,,,,,,,,,,,,,
Milan,Lombardy,Italy,50,31,62%,28,21,75%,5,5,100%,,,,,,,,,,,,,,,,,
Milwaukee,Wisconsin,United States,30,7,23%,13,5,38%,1,0,0%,,,,,,,,,,,,,,,,,
Mindelo,São Vicente,Cabo Verde,61,49,80%,38,34,89%,14,13,93%,,,,,,,,,,,,,,,,,
Minneapolis,Minnesota,United States,50,14,28%,27,9,33%,7,3,43%,,,,,,,,,,,,,,,,,
Minot,North Dakota,United States,58,15,26%,35,12,34%,10,5,50%,,,,,,,,,,,,,,,,,
Minsk,Minsk,Belarus,53,22,42%,26,14,54%,7,6,86%,,,,,,,,,,,,,,,,,
Mirzapur,Uttar Pradesh,India,30,-4,-13%,19,-2,-11%,3,-1,-33%,,,,,,,,,,,,,,,,,
Missoula,Montana,United States,49,14,29%,33,11,33%,15,11,73%,,,,,,,,,,,,,,,,,
Mitchell,South Dakota,United States,56,7,13%,28,4,14%,7,0,0%,,,,,,,,,,,,,,,,,
Mobile,Alabama,United States,54,16,30%,34,14,41%,13,5,38%,,,,,,,,,,,,,,,,,
Mogadishu,Banaadir,Somalia,41,40,98%,21,21,100%,2,2,100%,,,,,,,,,,,,,,,,,
Moline,Illinois,United States,46,15,33%,23,10,43%,3,2,67%,,,,,,,,,,,,,,,,,
Mombasa,Mombasa,Kenya,60,42,70%,38,27,71%,13,12,92%,,,,,,,,,,,,,,,,,
Monaco,,Monaco,60,31,52%,41,25,61%,18,15,83%,,,,,,,,,,,,,,,,,
Monroe,Louisiana,United States,40,17,43%,18,11,61%,5,3,60%,,,,,,,,,,,,,,,,,
Monrovia,Montserrado,Liberia,123,97,79%,89,76,85%,31,30,97%,,,,,,,,,,,,,,,,,
Monterey,California,United States,31,13,42%,17,6,35%,4,2,50%,,,,,,,,,,,,,,,,,
Monterrey,Nuevo Leon,Mexico,39,25,64%,24,19,79%,5,4,80%,,,,,,,,,,,,,,,,,
Montevideo,Montevideo,Uruguay,47,22,47%,24,14,58%,5,3,60%,,,,,,,,,,,,,,,,,
Montgomery,Alabama,United States,44,17,39%,26,15,58%,6,5,83%,,,,,,,,,,,,,,,,,
Montreal,Quebec,Canada,45,17,38%,23,7,30%,6,3,50%,,,,,,,,,,,,,,,,,
Morelia,Michoacan,Mexico,56,38,68%,30,23,77%,9,8,89%,,,,,,,,,,,,,,,,,
Moroni,Grande Comore,Comoros,73,67,92%,44,42,95%,14,14,100%,,,,,,,,,,,,,,,,,
Moscow,Moskva,Russia,46,18,39%,26,12,46%,6,5,83%,,,,,,,,,,,,,,,,,
Mosul,Ninawa,Iraq,59,29,49%,36,25,69%,8,6,75%,,,,,,,,,,,,,,,,,
Multan,Punjab,Pakistan,37,-10,-27%,18,-11,-61%,5,-3,-60%,,,,,,,,,,,,,,,,,
Mumbai,Maharashtra,India,60,26,43%,32,17,53%,7,3,43%,,,,,,,,,,,,,,,,,
Munich,Bavaria,Germany,41,19,46%,21,13,62%,4,3,75%,,,,,,,,,,,,,,,,,
Murmansk,Murmanskaya Oblast',Russia,59,12,20%,36,13,36%,9,5,56%,,,,,,,,,,,,,,,,,
Muscat,Masqat,Oman,36,12,33%,18,9,50%,4,3,75%,,,,,,,,,,,,,,,,,
Mutsamudu,Anjouan,Comoros,72,60,83%,40,35,88%,8,8,100%,,,,,,,,,,,,,,,,,
Mwanza,Mwanza,Tanzania,45,40,89%,24,23,96%,5,5,100%,,,,,,,,,,,,,,,,,
Myrtle Beach,South Carolina,United States,44,23,52%,20,14,70%,2,2,100%,,,,,,,,,,,,,,,,,
N'Djamena,N'Djamena,Chad,51,23,45%,35,25,71%,12,11,92%,,,,,,,,,,,,,,,,,
Nagoya,Aichi,Japan,50,24,48%,28,16,57%,8,8,100%,,,,,,,,,,,,,,,,,
Nagpur,Maharashtra,India,18,5,28%,8,3,38%,1,1,100%,,,,,,,,,,,,,,,,,
Nairobi,Nairobi City,Kenya,44,33,75%,24,22,92%,4,4,100%,,,,,,,,,,,,,,,,,
Najafgarh,Delhi,India,35,-1,-3%,19,-3,-16%,7,0,0%,,,,,,,,,,,,,,,,,
Nalchik,Kabardino-Balkariya,Russia,57,31,54%,34,27,79%,6,5,83%,,,,,,,,,,,,,,,,,
Nanchang,Jiangxi,China,56,13,23%,32,11,34%,10,4,40%,,,,,,,,,,,,,,,,,
Nanjing,Jiangsu,China,51,15,29%,23,6,26%,11,5,45%,,,,,,,,,,,,,,,,,
Nanning,Guangxi,China,50,30,60%,24,18,75%,5,4,80%,,,,,,,,,,,,,,,,,
Nar'yan-Mar,Nenetskiy Avtonomnyy Okrug,Russia,51,10,20%,28,8,29%,5,2,40%,,,,,,,,,,,,,,,,,
Nashik,Maharashtra,India,41,4,10%,23,4,17%,3,0,0%,,,,,,,,,,,,,,,,,
Nashville,Tennessee,United States,34,14,41%,15,8,53%,4,3,75%,,,,,,,,,,,,,,,,,
Nassau,,"Bahamas, The",72,61,85%,51,45,88%,21,20,95%,,,,,,,,,,,,,,,,,
Natal,Rio Grande do Norte,Brazil,74,66,89%,43,41,95%,12,12,100%,,,,,,,,,,,,,,,,,
Nay Pyi Taw,Nay Pyi Taw,Burma,49,18,37%,33,20,61%,7,6,86%,,,,,,,,,,,,,,,,,
New Orleans,Louisiana,United States,54,20,37%,33,15,45%,10,5,50%,,,,,,,,,,,,,,,,,
New York,New York,United States,43,16,37%,23,12,52%,3,2,67%,,,,,,,,,,,,,,,,,
Newark,New Jersey,United States,42,16,38%,22,14,64%,4,3,75%,,,,,,,,,,,,,,,,,
Nezahualcoyotl,Mexico,Mexico,63,49,78%,32,26,81%,10,10,100%,,,,,,,,,,,,,,,,,
Ngerulmud,Melekeok,Palau,115,112,97%,77,76,99%,25,25,100%,,,,,,,,,,,,,,,,,
Niamey,Niamey,Niger,61,33,54%,37,29,78%,11,10,91%,,,,,,,,,,,,,,,,,
Nicosia,Lefkosia,Cyprus,36,20,56%,20,12,60%,6,5,83%,,,,,,,,,,,,,,,,,
Nizhniy Novgorod,Nizhegorodskaya Oblast',Russia,47,16,34%,26,11,42%,5,4,80%,,,,,,,,,,,,,,,,,
Nneyi-Umuleri,Anambra,Nigeria,80,52,65%,43,32,74%,9,9,100%,,,,,,,,,,,,,,,,,
Norfolk,Virginia,United States,43,18,42%,24,13,54%,4,3,75%,,,,,,,,,,,,,,,,,
North Platte,Nebraska,United States,50,10,20%,31,9,29%,8,3,38%,,,,,,,,,,,,,,,,,
Nouakchott,Nouakchott Ouest,Mauritania,44,17,39%,22,12,55%,4,3,75%,,,,,,,,,,,,,,,,,
Noumea,Province Sud,New Caledonia,51,37,73%,27,23,85%,4,4,100%,,,,,,,,,,,,,,,,,
Novosibirsk,Novosibirskaya Oblast',Russia,46,16,35%,22,9,41%,6,2,33%,,,,,,,,,,,,,,,,,
Nuku`alofa,Tongatapu,Tonga,60,49,82%,27,25,93%,7,7,100%,,,,,,,,,,,,,,,,,
Nuuk,Sermersooq,Greenland,30,28,93%,16,15,94%,3,3,100%,,,,,,,,,,,,,,,,,
Odesa,Odeska Oblast,Ukraine,55,34,62%,30,24,80%,6,5,83%,,,,,,,,,,,,,,,,,
Odessa,Texas,United States,66,31,47%,43,26,60%,13,10,77%,,,,,,,,,,,,,,,,,
Ogbomoso,Oyo,Nigeria,81,28,35%,49,21,43%,18,10,56%,,,,,,,,,,,,,,,,,
Oklahoma City,Oklahoma,United States,46,12,26%,24,8,33%,5,4,80%,,,,,,,,,,,,,,,,,
Omaha,Nebraska,United States,50,11,22%,24,6,25%,5,2,40%,,,,,,,,,,,,,,,,,
Omdurman,Khartoum,Sudan,51,42,82%,28,25,89%,4,4,100%,,,,,,,,,,,,,,,,,
Omsk,Omskaya Oblast',Russia,45,10,22%,26,8,31%,8,2,25%,,,,,,,,,,,,,,,,,
Onitsha,Anambra,Nigeria,80,52,65%,43,32,74%,9,9,100%,,,,,,,,,,,,,,,,,
Oranjestad,,Aruba,94,79,84%,65,62,95%,37,37,100%,,,,,,,,,,,,,,,,,
Orel,Orlovskaya Oblast',Russia,48,22,46%,27,16,59%,5,4,80%,,,,,,,,,,,,,,,,,
Orenburg,Orenburgskaya Oblast',Russia,46,16,35%,27,14,52%,5,3,60%,,,,,,,,,,,,,,,,,
Orlando,Florida,United States,42,26,62%,17,13,76%,1,1,100%,,,,,,,,,,,,,,,,,
Osaka,Osaka,Japan,50,19,38%,33,23,70%,9,8,89%,,,,,,,,,,,,,,,,,
Oslo,Oslo,Norway,48,20,42%,21,10,48%,3,2,67%,,,,,,,,,,,,,,,,,
Ottawa,Ontario,Canada,45,18,40%,22,8,36%,4,3,75%,,,,,,,,,,,,,,,,,
Ottumwa,Iowa,United States,46,11,24%,24,8,33%,4,2,50%,,,,,,,,,,,,,,,,,
Ouagadougou,Centre,Burkina Faso,63,33,52%,38,25,66%,12,9,75%,,,,,,,,,,,,,,,,,
Paducah,Kentucky,United States,31,10,32%,17,7,41%,4,1,25%,,,,,,,,,,,,,,,,,
Pago Pago,,American Samoa,59,52,88%,37,34,92%,17,17,100%,,,,,,,,,,,,,,,,,
Palembang,Sumatera Selatan,Indonesia,50,36,72%,25,17,68%,8,7,88%,,,,,,,,,,,,,,,,,
Palikir,Pohnpei,"Micronesia, Federated States of",97,95,98%,61,60,98%,20,20,100%,,,,,,,,,,,,,,,,,
Palm Springs,California,United States,65,28,43%,39,21,54%,13,8,62%,,,,,,,,,,,,,,,,,
Palmas,Tocantins,Brazil,51,32,63%,29,21,72%,8,7,88%,,,,,,,,,,,,,,,,,
Panaji,Goa,India,69,54,78%,43,39,91%,12,11,92%,,,,,,,,,,,,,,,,,
Panama City,Florida,United States,47,24,51%,32,21,66%,7,6,86%,,,,,,,,,,,,,,,,,
Panama City,Panama,Panama,62,55,89%,34,32,94%,9,9,100%,,,,,,,,,,,,,,,,,
Papeete,Iles du Vent,French Polynesia,38,36,95%,22,22,100%,5,5,100%,,,,,,,,,,,,,,,,,
Paramaribo,Paramaribo,Suriname,81,56,69%,52,40,77%,20,15,75%,,,,,,,,,,,,,,,,,
Paris,Ile-de-France,France,51,26,51%,26,17,65%,7,5,71%,,,,,,,,,,,,,,,,,
Parkersburg,West Virginia,United States,40,13,33%,21,10,48%,4,2,50%,,,,,,,,,,,,,,,,,
Patna,Bihar,India,28,-4,-14%,11,-4,-36%,0,0,0%,,,,,,,,,,,,,,,,,
Pensacola,Florida,United States,43,18,42%,24,9,38%,8,3,38%,,,,,,,,,,,,,,,,,
Penza,Penzenskaya Oblast',Russia,46,16,35%,25,9,36%,5,4,80%,,,,,,,,,,,,,,,,,
Peoria,Illinois,United States,43,17,40%,19,7,37%,4,2,50%,,,,,,,,,,,,,,,,,
Perm,Permskiy Kray,Russia,50,12,24%,29,7,24%,7,3,43%,,,,,,,,,,,,,,,,,
Perth,Western Australia,Australia,43,9,21%,21,5,24%,6,1,17%,,,,,,,,,,,,,,,,,
Peshawar,Khyber Pakhtunkhwa,Pakistan,45,14,31%,21,5,24%,3,1,33%,,,,,,,,,,,,,,,,,
Petropavlovsk-Kamchatskiy,Kamchatskiy Kray,Russia,55,26,47%,32,17,53%,8,7,88%,,,,,,,,,,,,,,,,,
Petrozavodsk,Kareliya,Russia,55,19,35%,30,12,40%,6,4,67%,,,,,,,,,,,,,,,,,
Philadelphia,Pennsylvania,United States,43,17,40%,22,11,50%,3,2,67%,,,,,,,,,,,,,,,,,
Philipsburg,,Sint Maarten,96,83,86%,77,72,94%,42,42,100%,,,,,,,,,,,,,,,,,
Phnom Penh,Phnom Penh,Cambodia,33,26,79%,15,13,87%,3,3,100%,,,,,,,,,,,,,,,,,
Phoenix,Arizona,United States,50,25,50%,29,17,59%,9,7,78%,,,,,,,,,,,,,,,,,
Pikine,Dakar,Senegal,62,46,74%,36,30,83%,7,7,100%,,,,,,,,,,,,,,,,,
Pimpri-Chinchwad,Maharashtra,India,39,7,18%,25,8,32%,2,1,50%,,,,,,,,,,,,,,,,,
Pittsburgh,Pennsylvania,United States,42,14,33%,22,9,41%,4,3,75%,,,,,,,,,,,,,,,,,
Plymouth,Saint Anthony,Montserrat,93,83,89%,71,68,96%,35,35,100%,,,,,,,,,,,,,,,,,
Podgorica,Podgorica,Montenegro,59,33,56%,41,31,76%,13,13,100%,,,,,,,,,,,,,,,,,
Pointe-a-Pitre,,Guadeloupe,85,76,89%,61,59,97%,29,29,100%,,,,,,,,,,,,,,,,,
Port Blair,Andaman and Nicobar Islands,India,61,49,80%,32,28,88%,8,8,100%,,,,,,,,,,,,,,,,,
Port Harcourt,Rivers,Nigeria,93,70,75%,58,49,84%,13,12,92%,,,,,,,,,,,,,,,,,
Port Louis,Port Louis,Mauritius,35,33,94%,16,15,94%,2,2,100%,,,,,,,,,,,,,,,,,
Port Moresby,National Capital,Papua New Guinea,76,62,82%,40,34,85%,11,10,91%,,,,,,,,,,,,,,,,,
Port of Spain,Port of Spain,Trinidad and Tobago,81,64,79%,49,41,84%,15,14,93%,,,,,,,,,,,,,,,,,
Port-au-Prince,Ouest,Haiti,75,61,81%,39,33,85%,12,11,92%,,,,,,,,,,,,,,,,,
Port-Vila,Shefa,Vanuatu,68,62,91%,40,39,98%,8,8,100%,,,,,,,,,,,,,,,,,
Portland,Maine,United States,49,23,47%,29,16,55%,8,7,88%,,,,,,,,,,,,,,,,,
Portland,Oregon,United States,52,19,37%,25,9,36%,8,5,63%,,,,,,,,,,,,,,,,,
Porto,Porto,Portugal,40,14,35%,18,7,39%,4,3,75%,,,,,,,,,,,,,,,,,
Porto Alegre,Rio Grande do Sul,Brazil,43,17,40%,23,9,39%,6,4,67%,,,,,,,,,,,,,,,,,
Porto Velho,Rondonia,Brazil,79,68,86%,47,45,96%,13,13,100%,,,,,,,,,,,,,,,,,
Porto-Novo,Oueme,Benin,84,72,86%,48,43,90%,15,14,93%,,,,,,,,,,,,,,,,,
Prague,Praha,Czechia,42,20,48%,22,14,64%,2,1,50%,,,,,,,,,,,,,,,,,
Praia,Praia,Cabo Verde,66,49,74%,44,36,82%,15,14,93%,,,,,,,,,,,,,,,,,
Prayagraj,Uttar Pradesh,India,30,-4,-13%,17,-2,-12%,4,-1,-25%,,,,,,,,,,,,,,,,,
Prescott,Arizona,United States,52,31,60%,29,19,66%,11,10,91%,,,,,,,,,,,,,,,,,
Presque Isle,Maine,United States,46,17,37%,25,12,48%,4,1,25%,,,,,,,,,,,,,,,,,
Pretoria,Gauteng,South Africa,46,25,54%,27,19,70%,6,5,83%,,,,,,,,,,,,,,,,,
Pristina,Prishtine,Kosovo,44,24,55%,24,18,75%,7,6,86%,,,,,,,,,,,,,,,,,
Prizren,Prizren,Kosovo,51,29,57%,30,25,83%,7,6,86%,,,,,,,,,,,,,,,,,
Providence,Rhode Island,United States,40,14,35%,22,7,32%,3,2,67%,,,,,,,,,,,,,,,,,
Pskov,Pskovskaya Oblast',Russia,50,18,36%,28,12,43%,6,4,67%,,,,,,,,,,,,,,,,,
Puducherry,Puducherry,India,21,8,38%,9,4,44%,1,1,100%,,,,,,,,,,,,,,,,,
Puebla,Puebla,Mexico,53,39,74%,28,23,82%,7,7,100%,,,,,,,,,,,,,,,,,
Pune,Maharashtra,India,39,7,18%,25,8,32%,2,1,50%,,,,,,,,,,,,,,,,,
Putrajaya,Putrajaya,Malaysia,62,55,89%,33,30,91%,4,4,100%,,,,,,,,,,,,,,,,,
Pyongyang,P'yongyang,"Korea, North",46,18,39%,26,13,50%,6,4,67%,,,,,,,,,,,,,,,,,
Qom,Qom,Iran,47,34,72%,23,20,87%,4,4,100%,,,,,,,,,,,,,,,,,
Quebec City,Quebec,Canada,44,18,41%,22,12,55%,6,4,67%,,,,,,,,,,,,,,,,,
Quetta,Balochistan,Pakistan,39,23,59%,19,12,63%,6,5,83%,,,,,,,,,,,,,,,,,
Quezon City,Quezon,Philippines,56,31,55%,29,17,59%,8,6,75%,,,,,,,,,,,,,,,,,
Quincy,Illinois,United States,41,13,32%,18,7,39%,3,1,33%,,,,,,,,,,,,,,,,,
Quito,Pichincha,Ecuador,51,43,84%,29,26,90%,7,7,100%,,,,,,,,,,,,,,,,,
Rabat,Rabat-Sale-Kenitra,Morocco,41,18,44%,19,7,37%,6,3,50%,,,,,,,,,,,,,,,,,
Raipur,Chhattisgarh,India,18,3,17%,6,2,33%,1,0,0%,,,,,,,,,,,,,,,,,
Rajkot,Gujarat,India,24,5,21%,9,2,22%,1,0,0%,,,,,,,,,,,,,,,,,
Rajshahi,Rajshahi,Bangladesh,37,-8,-22%,13,-11,-85%,2,-5,-250%,,,,,,,,,,,,,,,,,
Raleigh,North Carolina,United States,38,17,45%,20,13,65%,2,1,50%,,,,,,,,,,,,,,,,,
Ranchi,Jharkhand,India,38,1,3%,17,1,6%,2,0,0%,,,,,,,,,,,,,,,,,
Rangapukur,Rangpur,Bangladesh,58,13,22%,25,-2,-8%,3,-4,-133%,,,,,,,,,,,,,,,,,
Rangoon,Yangon,Burma,42,25,60%,20,14,70%,5,5,100%,,,,,,,,,,,,,,,,,
Rapid City,South Dakota,United States,51,14,27%,29,13,45%,6,4,67%,,,,,,,,,,,,,,,,,
Rawalpindi,Punjab,Pakistan,53,7,13%,26,1,4%,5,-1,-20%,,,,,,,,,,,,,,,,,
Recife,Pernambuco,Brazil,59,41,69%,33,26,79%,7,6,86%,,,,,,,,,,,,,,,,,
Regina,Saskatchewan,Canada,54,11,20%,33,9,27%,10,4,40%,,,,,,,,,,,,,,,,,
Reno,Nevada,United States,53,18,34%,33,16,48%,9,7,78%,,,,,,,,,,,,,,,,,
Reykjavik,Reykjavik,Iceland,22,15,68%,10,7,70%,2,2,100%,,,,,,,,,,,,,,,,,
Richmond,Virginia,United States,44,19,43%,22,12,55%,4,4,100%,,,,,,,,,,,,,,,,,
Riga,Riga,Latvia,50,22,44%,27,14,52%,8,7,88%,,,,,,,,,,,,,,,,,
Rio Branco,Acre,Brazil,62,47,76%,38,33,87%,13,13,100%,,,,,,,,,,,,,,,,,
Rio de Janeiro,Rio de Janeiro,Brazil,37,22,59%,20,15,75%,5,4,80%,,,,,,,,,,,,,,,,,
Riyadh,Ar Riyad,Saudi Arabia,62,58,94%,37,37,100%,12,12,100%,,,,,,,,,,,,,,,,,
Road Town,,British Virgin Islands,96,83,86%,76,72,95%,41,41,100%,,,,,,,,,,,,,,,,,
Roanoke,Virginia,United States,51,16,31%,29,13,45%,6,4,67%,,,,,,,,,,,,,,,,,
Rochester,New York,United States,41,10,24%,23,7,30%,4,1,25%,,,,,,,,,,,,,,,,,
Rockford,Illinois,United States,53,13,25%,31,12,39%,8,4,50%,,,,,,,,,,,,,,,,,
Rome,Lazio,Italy,59,31,53%,38,25,66%,13,12,92%,,,,,,,,,,,,,,,,,
Rosario,Santa Fe,Argentina,53,7,13%,36,9,25%,15,4,27%,,,,,,,,,,,,,,,,,
Roseau,Saint George,Dominica,98,87,89%,75,71,95%,34,34,100%,,,,,,,,,,,,,,,,,
Rostov,Rostovskaya Oblast',Russia,49,27,55%,23,16,70%,4,4,100%,,,,,,,,,,,,,,,,,
Ryazan,Ryazanskaya Oblast',Russia,49,19,39%,25,14,56%,7,6,86%,,,,,,,,,,,,,,,,,
Sacramento,California,United States,59,18,31%,36,12,33%,10,4,40%,,,,,,,,,,,,,,,,,
Saginaw,Michigan,United States,50,17,34%,24,10,42%,5,3,60%,,,,,,,,,,,,,,,,,
Saint David's,Saint David,Grenada,92,79,86%,70,66,94%,33,33,100%,,,,,,,,,,,,,,,,,
Saint George,Saint George,Bermuda,51,35,69%,37,31,84%,15,15,100%,,,,,,,,,,,,,,,,,
Saint George's,Saint George,Grenada,92,79,86%,70,66,94%,33,33,100%,,,,,,,,,,,,,,,,,
Saint Helier,,Jersey,57,30,53%,35,22,63%,11,7,64%,,,,,,,,,,,,,,,,,
Saint John's,Saint John,Antigua and Barbuda,94,80,85%,70,65,93%,35,35,100%,,,,,,,,,,,,,,,,,
Saint Peter Port,,Guernsey,59,41,69%,40,30,75%,10,8,80%,,,,,,,,,,,,,,,,,
Saint Petersburg,Sankt-Peterburg,Russia,64,22,34%,36,14,39%,9,6,67%,,,,,,,,,,,,,,,,,
Saint-Denis,,Reunion,31,24,77%,16,13,81%,2,2,100%,,,,,,,,,,,,,,,,,
Saint-Pierre,,Saint Pierre and Miquelon,55,33,60%,38,34,89%,9,9,100%,,,,,,,,,,,,,,,,,
Saitama,Saitama,Japan,54,14,26%,35,15,43%,12,9,75%,,,,,,,,,,,,,,,,,
Salekhard,Yamalo-Nenetskiy Avtonomnyy Okrug,Russia,52,13,25%,29,10,34%,5,2,40%,,,,,,,,,,,,,,,,,
Salinas,California,United States,35,4,11%,17,3,18%,3,1,33%,,,,,,,,,,,,,,,,,
Salisbury,Maryland,United States,43,18,42%,20,9,45%,3,3,100%,,,,,,,,,,,,,,,,,
Salt Lake City,Utah,United States,53,27,51%,35,26,74%,10,9,90%,,,,,,,,,,,,,,,,,
Salvador,Bahia,Brazil,53,44,83%,25,21,84%,6,6,100%,,,,,,,,,,,,,,,,,
Samara,Samarskaya Oblast',Russia,49,16,33%,28,12,43%,6,4,67%,,,,,,,,,,,,,,,,,
Samsun,Samsun,Türkiye,47,30,64%,24,19,79%,4,3,75%,,,,,,,,,,,,,,,,,
San Angelo,Texas,United States,61,26,43%,42,24,57%,16,10,63%,,,,,,,,,,,,,,,,,
San Antonio,Texas,United States,53,22,42%,32,16,50%,13,9,69%,,,,,,,,,,,,,,,,,
San Cristobal,Tachira,Venezuela,26,23,88%,13,13,100%,2,2,100%,,,,,,,,,,,,,,,,,
San Diego,California,United States,40,20,50%,21,12,57%,6,4,67%,,,,,,,,,,,,,,,,,
San Francisco,California,United States,34,3,9%,18,3,17%,5,0,0%,,,,,,,,,,,,,,,,,
San Jose,San Jose,Costa Rica,54,34,63%,31,18,58%,10,6,60%,,,,,,,,,,,,,,,,,
San Jose,California,United States,36,4,11%,20,1,5%,5,1,20%,,,,,,,,,,,,,,,,,
San Juan,Puerto Rico,United States,67,52,78%,37,29,78%,14,11,79%,,,,,,,,,,,,,,,,,
San Marino,San Marino Citta,San Marino,51,26,51%,28,19,68%,6,6,100%,,,,,,,,,,,,,,,,,
San Salvador,San Salvador,El Salvador,64,53,83%,36,31,86%,9,8,89%,,,,,,,,,,,,,,,,,
Sanaa,Amanat al 'Asimah,Yemen,50,43,86%,30,29,97%,10,10,100%,,,,,,,,,,,,,,,,,
Sangereng,Jawa Barat,Indonesia,45,36,80%,24,19,79%,8,7,88%,,,,,,,,,,,,,,,,,
Santa Cruz,Santa Cruz,Bolivia,82,60,73%,55,44,80%,20,18,90%,,,,,,,,,,,,,,,,,
Santa Cruz de la Sierra,Santa Cruz,Bolivia,82,60,73%,55,44,80%,20,18,90%,,,,,,,,,,,,,,,,,
Santa Maria,California,United States,29,8,28%,16,4,25%,5,2,40%,,,,,,,,,,,,,,,,,
Santiago,Cibao Norte,Dominican Republic,61,45,74%,35,30,86%,9,8,89%,,,,,,,,,,,,,,,,,
Santiago,Region Metropolitana,Chile,59,15,25%,31,11,35%,7,5,71%,,,,,,,,,,,,,,,,,
Santo Domingo,Ozama,Dominican Republic,87,71,82%,56,49,88%,15,14,93%,,,,,,,,,,,,,,,,,
Santos,São Paulo,Brazil,39,20,51%,22,14,64%,5,4,80%,,,,,,,,,,,,,,,,,
São Luís,Maranhão,Brazil,85,77,91%,51,49,96%,12,12,100%,,,,,,,,,,,,,,,,,
São Paulo,São Paulo,Brazil,49,35,71%,25,19,76%,6,4,67%,,,,,,,,,,,,,,,,,
São Tomé,Agua Grande,São Tomé and Príncipe,67,62,93%,38,37,97%,16,16,100%,,,,,,,,,,,,,,,,,
Sapporo,Hokkaido,Japan,54,16,30%,32,14,44%,10,3,30%,,,,,,,,,,,,,,,,,
Sarajevo,"Bosnia and Herzegovina, Federation of",Bosnia and Herzegovina,55,24,44%,34,22,65%,11,10,91%,,,,,,,,,,,,,,,,,
Saransk,Mordoviya,Russia,46,16,35%,25,10,40%,6,5,83%,,,,,,,,,,,,,,,,,
Sarasota,Florida,United States,54,28,52%,28,17,61%,7,5,71%,,,,,,,,,,,,,,,,,
Saratov,Saratovskaya Oblast',Russia,45,15,33%,25,14,56%,5,3,60%,,,,,,,,,,,,,,,,,
Savannah,Georgia,United States,33,14,42%,16,11,69%,1,1,100%,,,,,,,,,,,,,,,,,
Schaan,Schaan,Liechtenstein,47,23,49%,24,15,63%,5,5,100%,,,,,,,,,,,,,,,,,
Seattle,Washington,United States,42,12,29%,22,9,41%,5,2,40%,,,,,,,,,,,,,,,,,
Semarang,Jawa Tengah,Indonesia,72,36,50%,36,18,50%,8,5,63%,,,,,,,,,,,,,,,,,
Sendai,Miyagi,Japan,60,17,28%,34,11,32%,8,6,75%,,,,,,,,,,,,,,,,,
Seoul,Seoul,"Korea, South",49,12,24%,31,11,35%,8,4,50%,,,,,,,,,,,,,,,,,
Serravalle,Serravalle,San Marino,51,26,51%,28,19,68%,6,6,100%,,,,,,,,,,,,,,,,,
Sevilla,Andalusia,Spain,27,17,63%,14,11,79%,3,3,100%,,,,,,,,,,,,,,,,,
Shagamu,Ogun,Nigeria,97,57,59%,68,46,68%,19,16,84%,,,,,,,,,,,,,,,,,
Shanghai,Shanghai,China,49,16,33%,30,13,43%,9,5,56%,,,,,,,,,,,,,,,,,
Sharjah,Ash Shariqah,United Arab Emirates,43,24,56%,19,15,79%,3,3,100%,,,,,,,,,,,,,,,,,
Shenyang,Liaoning,China,42,20,48%,25,17,68%,3,3,100%,,,,,,,,,,,,,,,,,
Sherman,Texas,United States,48,16,33%,26,10,38%,9,6,67%,,,,,,,,,,,,,,,,,
Shijiazhuang,Hebei,China,44,10,23%,25,7,28%,6,2,33%,,,,,,,,,,,,,,,,,
Shillong,Meghalaya,India,68,32,47%,43,22,51%,16,11,69%,,,,,,,,,,,,,,,,,
Shimla,Himachal Pradesh,India,46,14,30%,19,0,0%,7,0,0%,,,,,,,,,,,,,,,,,
Shiraz,Fars,Iran,62,33,53%,40,30,75%,13,13,100%,,,,,,,,,,,,,,,,,
Shreveport,Louisiana,United States,43,17,40%,21,11,52%,6,4,67%,,,,,,,,,,,,,,,,,
Shubra al Khaymah,Al Qalyubiyah,Egypt,57,31,54%,29,16,55%,8,3,38%,,,,,,,,,,,,,,,,,
Shymkent,Shymkent,Kazakhstan,52,19,37%,32,17,53%,11,7,64%,,,,,,,,,,,,,,,,,
Singapore,,Singapore,82,78,95%,45,44,98%,11,11,100%,,,,,,,,,,,,,,,,,
Sioux City,Iowa,United States,58,11,19%,32,6,19%,8,1,13%,,,,,,,,,,,,,,,,,
Sioux Falls,South Dakota,United States,60,10,17%,33,4,12%,9,2,22%,,,,,,,,,,,,,,,,,
Skopje,Skopje,North Macedonia,46,29,63%,27,23,85%,6,6,100%,,,,,,,,,,,,,,,,,
Smolensk,Smolenskaya Oblast',Russia,52,22,42%,29,15,52%,6,5,83%,,,,,,,,,,,,,,,,,
Sofia,Sofia-Grad,Bulgaria,47,23,49%,27,17,63%,8,7,88%,,,,,,,,,,,,,,,,,
Sokode,Centrale,Togo,69,22,32%,43,15,35%,16,9,56%,,,,,,,,,,,,,,,,,
South Bend,Indiana,United States,50,14,28%,25,12,48%,4,2,50%,,,,,,,,,,,,,,,,,
Soweto,Gauteng,South Africa,49,27,55%,30,18,60%,10,8,80%,,,,,,,,,,,,,,,,,
Spokane,Washington,United States,47,12,26%,28,9,32%,9,5,56%,,,,,,,,,,,,,,,,,
Springfield,Massachusetts,United States,39,10,26%,22,10,45%,3,1,33%,,,,,,,,,,,,,,,,,
Springfield,Missouri,United States,45,10,22%,26,9,35%,5,2,40%,,,,,,,,,,,,,,,,,
Sri Jayewardenepura Kotte,Western,Sri Lanka,65,39,60%,38,25,66%,11,11,100%,,,,,,,,,,,,,,,,,
Srinagar,Jammu and Kashmir,India,62,20,32%,43,15,35%,17,8,47%,,,,,,,,,,,,,,,,,
St Joseph,Missouri,United States,49,15,31%,24,7,29%,5,3,60%,,,,,,,,,,,,,,,,,
St Louis,Missouri,United States,36,7,19%,18,5,28%,4,1,25%,,,,,,,,,,,,,,,,,
St. John's,Newfoundland and Labrador,Canada,52,19,37%,31,17,55%,11,8,73%,,,,,,,,,,,,,,,,,
Stanley,,Falkland Islands (Islas Malvinas),48,19,40%,27,14,52%,6,6,100%,,,,,,,,,,,,,,,,,
State College,Pennsylvania,United States,51,17,33%,28,11,39%,6,4,67%,,,,,,,,,,,,,,,,,
Stavropol,Stavropol'skiy Kray,Russia,61,28,46%,36,25,69%,8,7,88%,,,,,,,,,,,,,,,,,
Stockholm,Stockholm,Sweden,45,21,47%,24,14,58%,3,3,100%,,,,,,,,,,,,,,,,,
Stockton,California,United States,51,15,29%,30,11,37%,7,2,29%,,,,,,,,,,,,,,,,,
Stuttgart,Baden-Wurttemberg,Germany,45,20,44%,24,14,58%,5,3,60%,,,,,,,,,,,,,,,,,
Sucre,Chuquisaca,Bolivia,76,58,76%,43,35,81%,14,13,93%,,,,,,,,,,,,,,,,,
Sumedang,Jawa Barat,Indonesia,42,24,57%,23,17,74%,4,3,75%,,,,,,,,,,,,,,,,,
Supaul,Bihar,India,35,1,3%,12,-1,-8%,2,0,0%,,,,,,,,,,,,,,,,,
Surabaya,Jawa Timur,Indonesia,71,50,70%,38,27,71%,11,10,91%,,,,,,,,,,,,,,,,,
Surat,Gujarat,India,48,16,33%,27,9,33%,6,2,33%,,,,,,,,,,,,,,,,,
Suva,Rewa,Fiji,65,56,86%,42,38,90%,11,10,91%,,,,,,,,,,,,,,,,,
Suwon,Gyeonggi,"Korea, South",49,10,20%,31,8,26%,10,5,50%,,,,,,,,,,,,,,,,,
Sydney,New South Wales,Australia,38,23,61%,17,10,59%,3,1,33%,,,,,,,,,,,,,,,,,
Syktyvkar,Komi,Russia,51,11,22%,28,11,39%,4,2,50%,,,,,,,,,,,,,,,,,
Syracuse,New York,United States,44,12,27%,24,7,29%,4,2,50%,,,,,,,,,,,,,,,,,
Tabriz,Azarbayjan-e Sharqi,Iran,51,28,55%,32,21,66%,10,9,90%,,,,,,,,,,,,,,,,,
Taichung,Taichung,Taiwan,58,47,81%,37,33,89%,12,11,92%,,,,,,,,,,,,,,,,,
Tainan,Tainan,Taiwan,62,49,79%,32,27,84%,9,8,89%,,,,,,,,,,,,,,,,,
Taipei,Taipei,Taiwan,60,38,63%,38,29,76%,10,9,90%,,,,,,,,,,,,,,,,,
Taiyuan,Shanxi,China,45,12,27%,28,9,32%,8,4,50%,,,,,,,,,,,,,,,,,
Tallahassee,Florida,United States,35,16,46%,19,12,63%,3,2,67%,,,,,,,,,,,,,,,,,
Tallinn,Tallinn,Estonia,50,19,38%,27,14,52%,7,5,71%,,,,,,,,,,,,,,,,,
Tamale,Northern,Ghana,44,24,55%,23,15,65%,5,4,80%,,,,,,,,,,,,,,,,,
Tambov,Tambovskaya Oblast',Russia,49,20,41%,28,15,54%,5,4,80%,,,,,,,,,,,,,,,,,
Tampa,Florida,United States,51,30,59%,29,20,69%,6,5,83%,,,,,,,,,,,,,,,,,
Tangerang,Jawa Barat,Indonesia,45,36,80%,24,19,79%,8,7,88%,,,,,,,,,,,,,,,,,
Tashkent,Toshkent,Uzbekistan,45,18,40%,25,12,48%,7,4,57%,,,,,,,,,,,,,,,,,
Tbilisi,Tbilisi,Georgia,48,33,69%,26,23,88%,3,3,100%,,,,,,,,,,,,,,,,,
Tegucigalpa,Francisco Morazan,Honduras,55,35,64%,31,22,71%,7,7,100%,,,,,,,,,,,,,,,,,
Tehran,Tehran,Iran,44,28,64%,20,16,80%,4,4,100%,,,,,,,,,,,,,,,,,
Tel Aviv-Yafo,Tel Aviv,Israel,61,49,80%,34,28,82%,5,4,80%,,,,,,,,,,,,,,,,,
Teresina,Piaui,Brazil,30,27,90%,13,13,100%,1,1,100%,,,,,,,,,,,,,,,,,
Terre Haute,Indiana,United States,44,17,39%,21,11,52%,3,2,67%,,,,,,,,,,,,,,,,,
Thane,Maharashtra,India,58,20,34%,29,10,34%,6,1,17%,,,,,,,,,,,,,,,,,
The Hague,Zuid-Holland,Netherlands,43,19,44%,22,10,45%,5,3,60%,,,,,,,,,,,,,,,,,
The Valley,,Anguilla,96,82,85%,74,69,93%,40,40,100%,,,,,,,,,,,,,,,,,
Thimphu,Thimphu,Bhutan,54,32,59%,36,25,69%,12,11,92%,,,,,,,,,,,,,,,,,
Thiruvananthapuram,Kerala,India,69,60,87%,39,36,92%,15,15,100%,,,,,,,,,,,,,,,,,
Thu Duc,Ho Chi Minh,Vietnam,34,27,79%,16,13,81%,4,4,100%,,,,,,,,,,,,,,,,,
Tianjin,Tianjin,China,44,17,39%,26,11,42%,9,6,67%,,,,,,,,,,,,,,,,,
Tifariti,Laayoune-Sakia El Hamra,Morocco,46,10,22%,28,9,32%,12,8,67%,,,,,,,,,,,,,,,,,
Tijuana,Baja California,Mexico,40,23,58%,16,9,56%,4,3,75%,,,,,,,,,,,,,,,,,
Tilburg,Noord-Brabant,Netherlands,41,17,41%,21,8,38%,5,3,60%,,,,,,,,,,,,,,,,,
Tirana,Tirane,Albania,58,26,45%,40,27,68%,12,11,92%,,,,,,,,,,,,,,,,,
Tokyo,Tokyo,Japan,54,14,26%,35,15,43%,12,9,75%,,,,,,,,,,,,,,,,,
Toledo,Ohio,United States,49,15,31%,24,10,42%,4,3,75%,,,,,,,,,,,,,,,,,
Tomsk,Tomskaya Oblast',Russia,41,11,27%,22,7,32%,5,2,40%,,,,,,,,,,,,,,,,,
Tongjin,Gyeonggi,"Korea, South",50,10,20%,31,10,32%,9,5,56%,,,,,,,,,,,,,,,,,
Topeka,Kansas,United States,49,15,31%,24,6,25%,5,3,60%,,,,,,,,,,,,,,,,,
Toronto,Ontario,Canada,33,14,42%,15,7,47%,1,1,100%,,,,,,,,,,,,,,,,,
Torshavn,Torshavn,Faroe Islands,42,35,83%,18,15,83%,4,4,100%,,,,,,,,,,,,,,,,,
Trachoni,,Akrotiri,40,23,58%,23,15,65%,6,5,83%,,,,,,,,,,,,,,,,,
Traverse City,Michigan,United States,48,18,38%,25,14,56%,4,2,50%,,,,,,,,,,,,,,,,,
Tripoli,Tarabulus,Libya,63,39,62%,37,25,68%,8,6,75%,,,,,,,,,,,,,,,,,
Tucson,Arizona,United States,48,22,46%,30,18,60%,10,8,80%,,,,,,,,,,,,,,,,,
Tula,Tul'skaya Oblast',Russia,45,19,42%,24,13,54%,5,5,100%,,,,,,,,,,,,,,,,,
Tulsa,Oklahoma,United States,43,13,30%,19,7,37%,3,2,67%,,,,,,,,,,,,,,,,,
Tunis,Tunis,Tunisia,61,26,43%,38,23,61%,9,6,67%,,,,,,,,,,,,,,,,,
Tupelo,Mississippi,United States,42,12,29%,19,4,21%,3,2,67%,,,,,,,,,,,,,,,,,
Tuscaloosa,Alabama,United States,30,6,20%,15,6,40%,3,2,67%,,,,,,,,,,,,,,,,,
Tver,Tverskaya Oblast',Russia,49,18,37%,28,13,46%,7,5,71%,,,,,,,,,,,,,,,,,
Twin Falls,Idaho,United States,52,18,35%,30,15,50%,7,6,86%,,,,,,,,,,,,,,,,,
Tyler,Texas,United States,52,14,27%,32,12,38%,9,5,56%,,,,,,,,,,,,,,,,,
Tyumen,Tyumenskaya Oblast',Russia,50,9,18%,28,7,25%,11,3,27%,,,,,,,,,,,,,,,,,
Ubungo,Dar es Salaam,Tanzania,57,50,88%,28,26,93%,6,6,100%,,,,,,,,,,,,,,,,,
Ufa,Bashkortostan,Russia,47,12,26%,27,12,44%,7,3,43%,,,,,,,,,,,,,,,,,
Ulaanbaatar,Ulaanbaatar,Mongolia,37,22,59%,16,13,81%,1,1,100%,,,,,,,,,,,,,,,,,
Ulan-Ude,Buryatiya,Russia,30,13,43%,13,7,54%,3,3,100%,,,,,,,,,,,,,,,,,
Ulsan,Ulsan,"Korea, South",48,14,29%,22,11,50%,3,2,67%,,,,,,,,,,,,,,,,,
Ulyanovsk,Ul'yanovskaya Oblast',Russia,47,18,38%,25,11,44%,7,5,71%,,,,,,,,,,,,,,,,,
Urumqi,Xinjiang,China,54,20,37%,34,16,47%,12,8,67%,,,,,,,,,,,,,,,,,
Utica,New York,United States,44,12,27%,24,7,29%,4,2,50%,,,,,,,,,,,,,,,,,
Vadodara,Gujarat,India,36,3,8%,18,2,11%,4,1,25%,,,,,,,,,,,,,,,,,
Vaduz,Vaduz,Liechtenstein,47,23,49%,24,15,63%,5,5,100%,,,,,,,,,,,,,,,,,
Valencia,Carabobo,Venezuela,64,56,88%,39,34,87%,12,11,92%,,,,,,,,,,,,,,,,,
Valencia,Valencia,Spain,50,30,60%,30,22,73%,8,6,75%,,,,,,,,,,,,,,,,,
Valletta,Valletta,Malta,67,35,52%,51,37,73%,18,16,89%,,,,,,,,,,,,,,,,,
Vancouver,British Columbia,Canada,46,15,33%,25,10,40%,7,3,43%,,,,,,,,,,,,,,,,,
Varanasi,Uttar Pradesh,India,30,-5,-17%,18,-2,-11%,2,-1,-50%,,,,,,,,,,,,,,,,,
Vasai-Virar,Maharashtra,India,59,37,63%,32,21,66%,7,5,71%,,,,,,,,,,,,,,,,,
Vatican City,,Vatican City,59,31,53%,38,25,66%,13,12,92%,,,,,,,,,,,,,,,,,
Velikiy Novgorod,Novgorodskaya Oblast',Russia,52,18,35%,27,11,41%,8,5,63%,,,,,,,,,,,,,,,,,
Victoria,Texas,United States,58,28,48%,35,19,54%,9,5,56%,,,,,,,,,,,,,,,,,
Victoria,Mont Buxton,Seychelles,73,69,95%,45,45,100%,9,9,100%,,,,,,,,,,,,,,,,,
Victoria,British Columbia,Canada,43,18,42%,23,12,52%,6,4,67%,,,,,,,,,,,,,,,,,
Vienna,Wien,Austria,51,22,43%,28,14,50%,7,7,100%,,,,,,,,,,,,,,,,,
Vientiane,Viangchan,Laos,59,27,46%,34,17,50%,13,11,85%,,,,,,,,,,,,,,,,,
Vijayawada,Andhra Pradesh,India,36,5,14%,20,4,20%,1,1,100%,,,,,,,,,,,,,,,,,
Vilnius,Vilniaus Miestas,Lithuania,54,22,41%,27,12,44%,7,6,86%,,,,,,,,,,,,,,,,,
Visakhapatnam,Andhra Pradesh,India,29,5,17%,15,3,20%,2,-1,-50%,,,,,,,,,,,,,,,,,
Vitoria,Espirito Santo,Brazil,32,27,84%,14,13,93%,4,4,100%,,,,,,,,,,,,,,,,,
Vladikavkaz,North Ossetia,Russia,58,31,53%,32,23,72%,6,6,100%,,,,,,,,,,,,,,,,,
Vladimir,Vladimirskaya Oblast',Russia,51,19,37%,27,12,44%,7,6,86%,,,,,,,,,,,,,,,,,
Vladivostok,Primorskiy Kray,Russia,55,21,38%,34,16,47%,12,7,58%,,,,,,,,,,,,,,,,,
Volgograd,Volgogradskaya Oblast',Russia,52,23,44%,29,19,66%,8,7,88%,,,,,,,,,,,,,,,,,
Vologda,Vologodskaya Oblast',Russia,50,16,32%,27,13,48%,6,4,67%,,,,,,,,,,,,,,,,,
Voronezh,Voronezhskaya Oblast',Russia,48,20,42%,28,16,57%,5,4,80%,,,,,,,,,,,,,,,,,
Waco,Texas,United States,57,22,39%,37,17,46%,15,9,60%,,,,,,,,,,,,,,,,,
Warsaw,Mazowieckie,Poland,54,24,44%,28,14,50%,7,5,71%,,,,,,,,,,,,,,,,,
Washington,District of Columbia,United States,40,15,38%,18,9,50%,4,3,75%,,,,,,,,,,,,,,,,,
Waterloo,Iowa,United States,54,15,28%,30,8,27%,9,4,44%,,,,,,,,,,,,,,,,,
Watertown,New York,United States,44,15,34%,23,11,48%,4,2,50%,,,,,,,,,,,,,,,,,
Wausau,Wisconsin,United States,47,15,32%,27,10,37%,5,2,40%,,,,,,,,,,,,,,,,,
Wellington,Wellington,New Zealand,50,31,62%,25,17,68%,7,6,86%,,,,,,,,,,,,,,,,,
Weno,Chuuk,"Micronesia, Federated States of",100,99,99%,63,63,100%,23,23,100%,,,,,,,,,,,,,,,,,
West Palm Beach,Florida,United States,68,49,72%,42,34,81%,10,9,90%,,,,,,,,,,,,,,,,,
Wheeling,West Virginia,United States,42,15,36%,20,8,40%,3,2,67%,,,,,,,,,,,,,,,,,
Whitehorse,Yukon,Canada,42,15,36%,23,10,43%,5,3,60%,,,,,,,,,,,,,,,,,
Wichita,Kansas,United States,51,15,29%,27,10,37%,4,3,75%,,,,,,,,,,,,,,,,,
Wichita Falls,Texas,United States,55,14,25%,37,15,41%,11,6,55%,,,,,,,,,,,,,,,,,
Wilkes Barre,Pennsylvania,United States,45,19,42%,22,10,45%,4,4,100%,,,,,,,,,,,,,,,,,
Willemstad,,CuraÃ§ao,91,77,85%,66,62,94%,35,35,100%,,,,,,,,,,,,,,,,,
Wilmington,North Carolina,United States,42,20,48%,20,11,55%,1,1,100%,,,,,,,,,,,,,,,,,
Wilmington,Delaware,United States,42,17,40%,20,10,50%,4,3,75%,,,,,,,,,,,,,,,,,
Windhoek,Khomas,Namibia,67,53,79%,38,34,89%,8,8,100%,,,,,,,,,,,,,,,,,
Winnipeg,Manitoba,Canada,44,14,32%,25,9,36%,7,4,57%,,,,,,,,,,,,,,,,,
Wuhan,Hubei,China,52,11,21%,27,6,22%,9,3,33%,,,,,,,,,,,,,,,,,
Xi'an,Shaanxi,China,33,13,39%,13,7,54%,3,2,67%,,,,,,,,,,,,,,,,,
Xining,Qinghai,China,49,26,53%,27,18,67%,5,5,100%,,,,,,,,,,,,,,,,,
Yakima,Washington,United States,58,22,38%,36,18,50%,13,9,69%,,,,,,,,,,,,,,,,,
Yakutsk,Sakha (Yakutiya),Russia,52,11,21%,30,10,33%,6,4,67%,,,,,,,,,,,,,,,,,
Yamoussoukro,Yamoussoukro,Côte d'Ivoire,77,60,78%,45,38,84%,12,11,92%,,,,,,,,,,,,,,,,,
Yaounde,Centre,Cameroon,84,59,70%,56,46,82%,14,13,93%,,,,,,,,,,,,,,,,,
Yaren,Yaren,Nauru,64,63,98%,36,36,100%,8,8,100%,,,,,,,,,,,,,,,,,
Yaroslavl,Yaroslavskaya Oblast',Russia,48,17,35%,27,11,41%,8,7,88%,,,,,,,,,,,,,,,,,
Yekaterinburg,Sverdlovskaya Oblast',Russia,48,10,21%,30,11,37%,9,4,44%,,,,,,,,,,,,,,,,,
Yellowknife,Northwest Territories,Canada,48,21,44%,22,11,50%,6,5,83%,,,,,,,,,,,,,,,,,
Yerevan,Yerevan,Armenia,54,34,63%,33,26,79%,7,7,100%,,,,,,,,,,,,,,,,,
Yinchuan,Ningxia,China,53,17,32%,30,15,50%,6,4,67%,,,,,,,,,,,,,,,,,
Yokohama,Kanagawa,Japan,57,18,32%,40,19,48%,17,13,76%,,,,,,,,,,,,,,,,,
Yopougon,Abidjan,Côte d'Ivoire,87,75,86%,59,51,86%,23,21,91%,,,,,,,,,,,,,,,,,
Yoshkar-Ola,Mariy-El,Russia,46,16,35%,23,10,43%,5,3,60%,,,,,,,,,,,,,,,,,
Youngstown,Ohio,United States,38,13,34%,19,9,47%,3,1,33%,,,,,,,,,,,,,,,,,
Yuma,Arizona,United States,52,23,44%,31,18,58%,8,6,75%,,,,,,,,,,,,,,,,,
Yuzhno-Sakhalinsk,Sakhalinskaya Oblast',Russia,45,13,29%,27,10,37%,8,3,38%,,,,,,,,,,,,,,,,,
Zagreb,"Zagreb, Grad",Croatia,51,26,51%,29,21,72%,6,6,100%,,,,,,,,,,,,,,,,,
Zamboanga City,Zamboanga,Philippines,78,73,94%,42,41,98%,9,9,100%,,,,,,,,,,,,,,,,,
Zanesville,Ohio,United States,40,15,38%,19,9,47%,3,2,67%,,,,,,,,,,,,,,,,,
Zapopan,Jalisco,Mexico,49,24,49%,27,15,56%,11,10,91%,,,,,,,,,,,,,,,,,
Zhengzhou,Henan,China,54,13,24%,27,7,26%,9,3,33%,,,,,,,,,,,,,,,,,
Zhongli,Taoyuan,Taiwan,67,44,66%,42,33,79%,14,13,93%,,,,,,,,,,,,,,,,,
Zurich,Zurich,Switzerland,47,23,49%,25,16,64%,5,4,80%,,,,,,,,,,,,,,,,,
,,,,,,,,,,,,,,,,,,,,,,,,,,,,
,,,,,,,,,,,,,,,,,,,,,,,,,,,,
,,,,,,,,,,,,,,,,,,,,,,,,,,,,
,,,,,,,,,,,,,,,,,,,,,,,,,,,,
,,,,,,,,,,,,,,,,,,,,,,,,,,,,
,,,,,,,,,,,,,,,,,,,,,,,,,,,,
,,,,,,,,,,,,,,,,,,,,,,,,,,,,
,,,,,,,,,,,,,,,,,,,,,,,,,,,,
,,,,,,,,,,,,,,,,,,,,,,,,,,,,
,,,,,,,,,,,,,,,,,,,,,,,,,,,,
,,,,,,,,,,,,,,,,,,,,,,,,,,,,
,,,,,,,,,,,,,,,,,,,,,,,,,,,,
,,,,,,,,,,,,,,,,,,,,,,,,,,,,
,,,,,,,,,,,,,,,,,,,,,,,,,,,,
,,,,,,,,,,,,,,,,,,,,,,,,,,,,
,,,,,,,,,,,,,,,,,,,,,,,,,,,,
,,,,,,,,,,,,,,,,,,,,,,,,,,,,
,,,,,,,,,,,,,,,,,,,,,,,,,,,,
,,,,,,,,,,,,,,,,,,,,,,,,,,,,
,,,,,,,,,,,,,,,,,,,,,,,,,,,,
,,,,,,,,,,,,,,,,,,,,,,,,,,,,
,,,,,,,,,,,,,,,,,,,,,,,,,,,,
,,,,,,,,,,,,,,,,,,,,,,,,,,,,
,,,,,,,,,,,,,,,,,,,,,,,,,,,,
,,,,,,,,,,,,,,,,,,,,,,,,,,,,
,,,,,,,,,,,,,,,,,,,,,,,,,,,,
,,,,,,,,,,,,,,,,,,,,,,,,,,,,
,,,,,,,,,,,,,,,,,,,,,,,,,,,,
,,,,,,,,,,,,,,,,,,,,,,,,,,,,
,,,,,,,,,,,,,,,,,,,,,,,,,,,,
,,,,,,,,,,,,,,,,,,,,,,,,,,,,
,,,,,,,,,,,,,,,,,,,,,,,,,,,,
,,,,,,,,,,,,,,,,,,,,,,,,,,,,
,,,,,,,,,,,,,,,,,,,,,,,,,,,,
,,,,,,,,,,,,,,,,,,,,,,,,,,,,
,,,,,,,,,,,,,,,,,,,,,,,,,,,,
,,,,,,,,,,,,,,,,,,,,,,,,,,,,
,,,,,,,,,,,,,,,,,,,,,,,,,,,,
,,,,,,,,,,,,,,,,,,,,,,,,,,,,
,,,,,,,,,,,,,,,,,,,,,,,,,,,,
,,,,,,,,,,,,,,,,,,,,,,,,,,,,
,,,,,,,,,,,,,,,,,,,,,,,,,,,,
,,,,,,,,,,,,,,,,,,,,,,,,,,,,
,,,,,,,,,,,,,,,,,,,,,,,,,,,,
,,,,,,,,,,,,,,,,,,,,,,,,,,,,
,,,,,,,,,,,,,,,,,,,,,,,,,,,,
,,,,,,,,,,,,,,,,,,,,,,,,,,,,
,,,,,,,,,,,,,,,,,,,,,,,,,,,,
,,,,,,,,,,,,,,,,,,,,,,,,,,,,
,,,,,,,,,,,,,,,,,,,,,,,,,,,,
,,,,,,,,,,,,,,,,,,,,,,,,,,,,
,,,,,,,,,,,,,,,,,,,,,,,,,,,,
,,,,,,,,,,,,,,,,,,,,,,,,,,,,
,,,,,,,,,,,,,,,,,,,,,,,,,,,,
,,,,,,,,,,,,,,,,,,,,,,,,,,,,
,,,,,,,,,,,,,,,,,,,,,,,,,,,,
,,,,,,,,,,,,,,,,,,,,,,,,,,,,
,,,,,,,,,,,,,,,,,,,,,,,,,,,,